Name;Maturity Class;Found on;Stb;Cut;Imp;Pen;Shr;Brn;Cld;Acd;Elc;Movement;Combat;Attacks;Range;Aggression;Tamable;Sweatable;Min HP;Defensive;Mob Type;Min Global
5P1D3R;5P1D3R;Planet Cyrene; ;50;50; ; ; ; ; ; ; ; ; ; ; ;No;No;1000;Evader;Robot Investigator;50
50 Foot Android Party Girl;Cyborg;ROCKtropia; ; ; ; ; ; ; ; ; ;Running;Close; ; ; ;No;No; ;Electro Kinetic (Dmg);Robot Investigator;50
50 Foot Electro Party Girl;Cyborg;ROCKtropia; ; ; ; ; ; ; ; ; ;Running;Close; ; ; ;No;No; ;Evader;Robot Investigator;50
50 Foot Fembot Party Girl;Cyborg;ROCKtropia; ; ; ; ; ; ; ; ; ;Running;Close; ; ; ;No;No; ;Evader;Robot Investigator;50
50 Foot Glamor Party Girl;Cyborg;ROCKtropia; ; ; ; ; ; ; ; ; ;Running;Close; ; ; ;No;No; ;Evader;Robot Investigator;50
Aakas 01;Instances - Arkadia;Planet Arkadia; ; ; ; ; ; ; ; ; ; ; ; ; ; ;No;No; ;;; 
Aakas 02;Instances - Arkadia;Planet Arkadia; ; ; ; ; ; ; ; ; ; ; ; ; ; ;No;No; ;;; 
Aakas 03;Instances - Arkadia;Planet Arkadia; ; ; ; ; ; ; ; ; ; ; ; ; ; ;No;No; ;;; 
Aakas 04;Instances - Arkadia;Planet Arkadia; ; ; ; ; ; ; ; ; ; ; ; ; ; ;No;No; ;;; 
Aakas 05;Instances - Arkadia;Planet Arkadia; ; ; ; ; ; ; ; ; ; ; ; ; ; ;No;No; ;;; 
Aakas 06;Instances - Arkadia;Planet Arkadia; ; ; ; ; ; ; ; ; ; ; ; ; ; ;No;No; ;;; 
Aakas 07;Instances - Arkadia;Planet Arkadia; ; ; ; ; ; ; ; ; ; ; ; ; ; ;No;No; ;;; 
Aakas 08;Instances - Arkadia;Planet Arkadia; ; ; ; ; ; ; ; ; ; ; ; ; ; ;No;No; ;;; 
Aakas 09;Instances - Arkadia;Planet Arkadia; ; ; ; ; ; ; ; ; ; ; ; ; ; ;No;No; ;;; 
Aakas;Aakas Dig;Planet Arkadia;18;19;19; ; ;44; ; ; ;Running;Close; ; ; ;No;Yes;250;Evader;Animal Investigator; 
Abomination;Abomination;Arkadia Moon;25;25; ; ; ; ;50; ; ;Running;Close; ; ; ;No;No;1000;Evader;Mutant Investigator;50
Achelous;Achelous;Ancient Greece;25;25;25;25; ; ; ; ; ;Running;Close; ; ;Low;No;Yes;100;Evader;Animal Investigator;10
Adaptable Brown Papoo;Papoo;Next Island;20;60; ;20; ; ; ; ; ;Running;Close; ; ; ;Yes;Yes;20;Evader;Animal Investigator; 
Aetherex;Aetherex;Planet Calypso; ; ;100; ; ; ; ; ; ;Flying;Close; ; ;Medium;No;Yes;600;Evader;Animal Investigator;50
AI;Human (ROCKtropia);ROCKtropia;33;67; ; ; ; ; ; ; ;Running;Close;42; ; ;No;Yes;4;Evader;Animal Investigator;2
Allophyl;Allophyl;Planet Calypso; ; ;33; ; ; ; ; ;67;Running;Close;15; ;Low;No;Yes;500;Evader;Animal Investigator; 
Allophyl (F.O.M.A);Allophyl;F.O.M.A. - Fortuna; ; ; ; ; ; ; ; ; ; ; ; ; ; ;No;Yes;500;Evader;Animal Investigator; 
Ambulimax;Ambulimax;Various; ; ;100; ; ; ; ; ; ; ;Close; ; ;Low;No;Yes;1010;Evader;Animal Investigator; 
Ambulimax (Calypso);Ambulimax;Planet Calypso; ; ;100; ; ; ; ; ; ;Running;Close;20; ;Low;No;Yes;1010;Evader;Animal Investigator;50
Ambulimax (F.O.M.A);Ambulimax;F.O.M.A. - Fortuna; ; ; ; ; ; ; ; ; ; ; ; ; ; ;No;Yes;1010;Evader;Animal Investigator; 
Ambulimax (Rocktropia);Ambulimax;ROCKtropia; ; ;100; ; ; ; ; ; ;Running;Close;20; ;Low;No;Yes;1010;Evader;Animal Investigator;50
Android Video Vixen Clone;Cyborg;ROCKtropia; ; ;100; ; ; ; ; ; ;Running;Close; ; ; ;No;Yes;130;;Robot Investigator; 
Annihilation Eviscerator;Mayhem;Planet Calypso;33.33;33.33; ; ; ; ; ; ;33.33;Running;Close; ; ; ;No;No;640;Evader;Robot Investigator;50
Annihilation Warlock;Mayhem;Global Instances;25;25;25; ; ; ; ; ;25;Running;Close; ; ; ;No;No; ;Evader;Robot Investigator;50
Annihilation Zombie;Mayhem;Global Instances; ;16.66;33.33;33.33; ; ; ; ;16.66; ; ; ; ; ;No;No; ;Evader;Mutant Investigator;50
Araneatrox;Animal;Planet Calypso;33;33;33; ; ; ; ; ; ;Running;Close; ; ;V. High;No;Yes;1660;Evader;Animal Investigator; 
Arges;Cyclops;Ancient Greece;25;25;25;25; ; ; ; ; ;Running;Close; ; ;Medium;No;Yes;330;Evader;Animal Investigator; 
Argonaut;Argonaut;Various; ;25;75; ; ; ; ; ; ;Running;Close;20; ;High;No;No;250;Evader;Animal Investigator; 
Argonaut (Arkadia);Argonaut;Planet Arkadia; ;25;75; ; ; ; ; ; ;Running;Close;20; ;High;No;No;300;;;50
Argonaut (Calypso);Argonaut;Planet Calypso; ;25;75; ; ; ; ; ; ;Running;Close;20; ;High;No;No;30;Evader;Animal Investigator;25
Argonaut (F.O.M.A);Argonaut;F.O.M.A. - Fortuna; ; ; ; ; ; ; ; ; ; ; ; ; ; ;No;No;300;Evader;Animal Investigator; 
Argonaut (Rocktropia);Argonaut;ROCKtropia; ;25;75; ; ; ; ; ; ;Running;Close;20; ;High;No;No;250;Evader;Animal Investigator;50
Arkadian Golden Door;Instances - Arkadia;Planet Arkadia; ; ; ; ; ; ; ; ; ; ; ; ; ; ;No;No; ;;; 
Arkadian Hornet;Arkadian Hornet;Planet Arkadia; ; ;100; ; ; ; ; ; ;Flying;Close; ; ;Medium;No;Yes;10;Evader;Animal Investigator;10
Armax Bull;Armax;Planet Calypso;50; ;50; ; ; ; ; ; ;Running;Close;20; ;Medium;No;Yes;410;Evader;Animal Investigator; 
Armax Cow;Armax;Planet Calypso;50; ;50; ; ; ; ; ; ;Running;Close;20; ;Low;No;Yes;230;Evader;Animal Investigator;50
Armored Whisker Fish;Whisker Fish;Planet Cyrene; ;50;50; ; ; ; ; ; ;Swimming; ; ; ; ;No;No;1750;Evader;Animal Investigator; 
Arret;Arret;Planet Cyrene; ; ;100; ; ; ; ; ; ;Running;Close;20; ; ;Yes;Yes;20;Evader;Animal Investigator; 
Asmodai's Legionaire;Skeleton;Hell; ; ; ; ; ; ; ; ; ;Running;Close; ; ; ;No;Yes;8000;Evader;;50
Astaroth's Legionaire;Skeleton;Hell; ; ; ; ; ; ; ; ; ;Running;Close; ; ; ;No;Yes;3200;Evader;;50
Asterion;Asterion;Ancient Greece;33;33;33; ; ; ; ; ; ;Running; ; ; ;Low;No;Yes;200;Evader;Animal Investigator; 
Atrax;Atrax;Planet Calypso;38;35;27; ; ; ; ; ; ;Running;Close; ; ;V. High;No;Yes;270;Evader;Animal Investigator; 
Atrox;Atrox;Various;23;36;41; ; ; ; ; ; ;Running;Close;20; ;V. High;Lvl 15;Yes;990;Evader;Animal Investigator; 
Atrox (Calypso);Atrox;Planet Calypso;23;36;41; ; ; ; ; ; ;Running;Close;20; ;V. High;Yes;Yes;230;Evader;Animal Investigator;50
Atrox (F.O.M.A);Atrox;F.O.M.A. - Fortuna; ; ; ; ; ; ; ; ; ; ; ; ; ; ;No;Yes;990;Evader;Animal Investigator;50
Atrox (Rocktropia);Atrox;ROCKtropia;23;36;41; ; ; ; ; ; ;Running;Close; ; ; ;Yes;Yes;990;Evader;Animal Investigator;50
Atrox (Rocktropia);Atrox;ROCKtropia;23;36;41; ; ; ; ; ; ;Running;Close; ; ; ;Yes;Yes;990;Evader;Animal Investigator;50
Attacker;Attacker;Planet Calypso; ; ; ;25; ;75; ; ; ;Flying;Firearms; ; ;Medium;No;No;200;Dodger;Robot Investigator;20
Aurli;Aurli;Crystal Palace;30;4;50; ; ; ; ;16;0;Running;Close, Fast; ; ;V. High;No;Yes;1530;Evader;Animal Investigator;50
Avatar of Death;Animal;Secret Island; ; ; ; ; ; ; ; ; ; ; ; ; ; ;No;No;700;;; 
Avatar of Fear;Animal;Secret Island; ; ; ; ; ; ; ; ; ; ; ; ; ; ;No;Yes;1700;;Animal Investigator; 
Avatar of Force;Animal;Secret Island; ; ; ; ; ; ; ; ; ;Flying; ; ; ; ;No;Yes;1100;Evader;Animal Investigator; 
Avatar of War;Animal;Secret Island; ; ; ; ; ; ; ; ; ; ; ; ; ; ;No;Yes;1900;;; 
Baal's Legionaire;Skeleton;Hell; ; ; ; ; ; ; ; ; ;Running;Close; ; ; ;No;Yes;4000;Evader;;50
Badger_710R;Badger;Planet Arkadia;33;33;33; ; ; ; ; ; ;Hovering;Close; ; ;Low;No;No;1200;Dodger;Robot Investigator; 
Bahri;Bahri;Planet Toulan;50;50; ; ; ; ; ; ; ;Running;Close; ; ;High;No;Yes;230;Evader;Animal Investigator;15
Bank Robber;Human (ROCKtropia);ROCKtropia; ; ; ; ; ; ; ; ; ;Running;Firearms; ; ;High;No;Yes;2;Dodger;Animal Investigator; 
Bar Fight;Instances - Rocktropia;ROCKtropia; ; ; ; ; ; ; ; ; ; ; ; ; ; ;No;No; ;;; 
Bass Monkey;Human (ROCKtropia);ROCKtropia; ; ; ; ; ; ; ; ; ;Running;Close; ; ; ;No;Yes;800;Evader;Animal Investigator; 
Baydar;Instances - Toulan;Planet Toulan; ; ; ; ; ; ; ; ; ; ; ; ; ; ;No;No; ;;; 
Beacon Mission;Beacon Mission;Planet Calypso; ; ; ; ; ; ; ; ; ; ;None; ; ; ;No;No; ;;; 
Beelzebub's Legionaire;Skeleton;Hell; ; ; ; ; ; ; ; ; ;Running;Close; ; ; ;No;No;3000;Evader;;50
Beladoth;Beladoth;Planet Arkadia;40;40;20; ; ; ; ; ; ;Running;Close; ; ;V. High;No;Yes;1530;Evader;Animal Investigator; 
Belial's Legionaire;Skeleton;Hell;45; ;55; ; ; ; ; ; ;Running;Close; ; ; ;No;Yes;1500;Evader;Animal Investigator;50
Belphegor's Legionaire;Skeleton;Hell; ; ; ; ; ; ; ; ; ;Running;Close; ; ; ;No;Yes;2000;Evader;;50
Berith's Legionaire;Skeleton;Hell; ; ; ; ; ; ; ; ; ;Running;Close; ; ; ;No;Yes;2500;Evader;;50
Berycled;Berycled;Planet Calypso; ;50;50; ; ; ; ; ; ;Hopping;Close;20; ;Medium;No;Yes;13;Evader;Animal Investigator;5
Bevis;Duster Gang;Planet Cyrene; ; ; ; ; ; ; ; ; ;Running;Ranged; ; ; ;No;No;1000;;; 
Big Bulk;Big Bulk;Planet Calypso; ; ;100; ; ; ; ; ; ;Running;Close;20;15;V. High;No;No;5600;Evader;Robot Investigator; 
Biker;Human (ROCKtropia);ROCKtropia; ; ; ; ; ; ; ; ; ;Running;Close; ; ; ;No;Yes;1000;Evader;Animal Investigator; 
Blonde Android;Cyborg;Hell; ; ; ; ; ; ; ; ; ; ; ; ; ; ;Yes;No; ;Evader;; 
Bokol;Bokol;Planet Arkadia;38; ;38;24; ; ; ; ; ;Running;Close; ; ; ;No;Yes;250;Evader;Animal Investigator;50
Bolker;Boar;Next Island; ; ; ; ; ; ; ; ; ;Running; ; ; ; ;No;Yes;250;Evader;Animal Investigator; 
Bonzos Chop Shop;Instances - Rocktropia;ROCKtropia; ; ; ; ; ; ; ; ; ; ; ; ; ; ;No;No; ;;; 
Boorum Female;Boorum;Planet Calypso; ; ; ; ; ; ; ; ; ;Running;Close; ; ; ;No;No;490;Evader;Mutant Investigator; 
Boorum Male;Boorum;Planet Calypso; ;25;75; ; ; ; ; ; ;Running;Close;30; ;Low;No;No;550;Evader;Mutant Investigator; 
Booty Raid I;Instances - Rocktropia;ROCKtropia; ; ; ; ; ; ; ; ; ; ; ; ; ; ;No;No;10;;;50
Booty Raid II;Instances - Rocktropia;ROCKtropia; ; ; ; ; ; ; ; ; ; ; ; ; ; ;No;No; ;;; 
Booty Raid III;Instances - Rocktropia;ROCKtropia; ; ; ; ; ; ; ; ; ; ; ; ; ; ;No;No; ;;; 
Booty Raid IV;Instances - Rocktropia;ROCKtropia; ; ; ; ; ; ; ; ; ; ; ; ; ; ;No;No; ;;; 
Booty Raid IX;Instances - Rocktropia;ROCKtropia; ; ; ; ; ; ; ; ; ; ; ; ; ; ;No;No; ;;; 
Booty Raid V;Instances - Rocktropia;ROCKtropia; ; ; ; ; ; ; ; ; ; ; ; ; ; ;No;No; ;;; 
Booty Raid VI;Instances - Rocktropia;ROCKtropia; ; ; ; ; ; ; ; ; ; ; ; ; ; ;No;No; ;;; 
Booty Raid VII;Instances - Rocktropia;ROCKtropia; ; ; ; ; ; ; ; ; ; ; ; ; ; ;No;No; ;;; 
Booty Raid VIII;Instances - Rocktropia;ROCKtropia; ; ; ; ; ; ; ; ; ; ; ; ; ; ;No;No; ;;; 
Booty Raid X;Instances - Rocktropia;ROCKtropia; ; ; ; ; ; ; ; ; ; ; ; ; ; ;No;No; ;;; 
Breakdancer;Human (ROCKtropia);ROCKtropia; ; ; ; ; ; ; ; ; ;Running;Close; ; ; ;No;Yes;50;Evader;Animal Investigator; 
Bristlehog;Animal;Planet Calypso; ; ; ; ; ; ; ; ;100;Running;Ranged;19; ;Low;Yes;Yes;20;Dodger;Animal Investigator;20
Brontes;Cyclops;Ancient Greece; ; ;100; ; ; ; ; ; ;Running;Close; ; ;Medium;No;Yes;1000;Evader;Animal Investigator;50
Brood of All;Aurli;Crystal Palace;40;5;40; ; ; ; ;15; ;Running;Close; ; ;Low;No;Yes;2850;Evader;Animal Investigator; 
Brood of Bell;Aurli;Crystal Palace; ; ; ; ; ; ; ; ; ;Running;Close; ; ;Low;No;Yes;1840;Evader;Animal Investigator; 
Brood of Bram;Aurli;Crystal Palace; ; ; ; ; ; ; ; ; ;Running;Close; ; ;Low;No;Yes;1530;Evader;Animal Investigator; 
Brood of Dotty;Aurli;Crystal Palace; ; ; ; ; ; ; ; ; ;Running;Close; ; ;Low;No;Yes;1670;Evader;Animal Investigator; 
Brood of Unruly;Aurli;Crystal Palace;40;5;40; ; ; ; ;15; ;Running;Close; ; ;Low;No;Yes;1800;Evader;Animal Investigator; 
Brood of Warren;Aurli;Crystal Palace; ; ; ; ; ; ; ; ; ;Running;Close; ; ;Low;No;Yes;2430;Evader;Animal Investigator; 
Brown Papoo (Next Island);Papoo;Next Island; ;40;60; ; ; ; ; ; ;Running;Close; ; ;Low;No;Yes;30;Evader;Animal Investigator; 
Brown Papoo (Secret Island);Papoo;Secret Island; ; ; ; ; ; ; ; ; ;Running;Close; ; ; ;No;Yes;30;Evader;Animal Investigator;50
Brown Snake;Snake;ROCKtropia; ; ; ; ; ; ; ; ; ;Slithering; ; ; ; ;No;Yes;700;Evader;Animal Investigator; 
Buccaneer Skeleton;Buccaneer Skeleton;Ancient Greece; ; ; ; ; ; ; ; ; ;Running;Close; ; ;Low;No;Yes;10;Evader;Animal Investigator;50
Bullman;Bullman;Ancient Greece; ; ; ; ; ; ; ; ; ;Running;Close; ; ;Low;No;Yes;140;Evader;Animal Investigator; 
Bum;Human (ROCKtropia);ROCKtropia; ; ; ; ; ; ; ; ; ;Running;Close; ; ;Low;No;Yes;10;Evader;Animal Investigator; 
Byg Byrd;Byg Byrd;Planet Cyrene; ; ; ; ; ; ; ; ; ;Flying; ; ; ; ;No;Yes;105000;Dodger;; 
C.A.R.E.;C.A.R.E.;Next Island; ; ;50;25; ;25; ; ; ;Running; ; ; ; ;No;No;570;Evader;Robot Investigator; 
Caboria;Caboria;DSEC-9; ; ;40; ; ; ; ; ;60;Swimming;Close; ; ;Low;No;No;15;Evader;Animal Investigator;5
Calamusoid;Calamusoid;Planet Calypso; ;25;75; ; ; ; ; ; ;Running;Close; ; ; ;No;No;200;Evader;Mutant Investigator;50
Calypsocod;Calypsocod;Planet Calypso; ; ;80; ; ; ; ;20; ;Swimming;Close;15; ;Low;No;Yes;240;Evader;Animal Investigator;50
Camp Crunk Cloth Crate;Instances - Rocktropia;ROCKtropia; ; ; ; ; ; ; ; ; ; ; ; ; ; ;No;No; ;;; 
Caperon;Caperon;F.O.M.A. - Fortuna; ; ;80; ; ; ; ;20; ;Running;Close; ; ;V. High;No;Yes;1340;Evader;Animal Investigator;50
Carabok;Carabok;Planet Arkadia;33;33;33; ; ; ; ; ; ;Running;Close; ; ;Low;No;Yes;10;Evader;Animal Investigator;10
Caudatergus;Caudatergus;Planet Calypso; ; ;100; ; ; ; ; ; ;Running;Close;24; ;Medium;No;Yes;17;Evader;Animal Investigator;10
Centaur;Centaur;Ancient Greece; ; ; ; ; ; ; ; ; ; ; ; ; ;high;No;Yes;3500;Evader;Animal Investigator;50
Cersumon;Cersumon;Planet Calypso; ; ; ; ; ; ; ; ;100;Running;Ranged; ; ;Medium;No;Yes;800;Dodger;Animal Investigator;50
Cheetah;Big Cats;ROCKtropia; ; ; ; ; ; ; ; ; ;Running;Close; ; ; ;No;Yes;500;Evader;Animal Investigator; 
Chimera;Chimera;Ancient Greece;30;20;50; ; ; ; ; ; ;Running;Close; ; ; ;No;Yes;550;Evader;Animal Investigator; 
Chirin Dragon;Pet Breeds;Planet Calypso; ; ; ; ; ; ; ; ; ;Running;Close; ; ; ;Yes;Yes;320;Evader;Animal Investigator;20
Chirpy;Chirpy;Planet Calypso;75; ; ; ; ; ; ;25; ;Running;None; ; ;V. Low;No;Yes;10;Evader;Animal Investigator;5
Chomper;Chomper;Planet Calypso; ; ;70; ; ; ;30; ; ;Running;Close; ; ;Low;No;Yes;2110;Evader;Animal Investigator;50
City Wolf;Wolf;ROCKtropia; ;100; ; ; ; ; ; ; ;Running;Close;19; ; ;No;Yes;50;Evader;Animal Investigator; 
Code Demon;Human (ROCKtropia);Hell;33.33; ; ; ; ; ; ; ;66.66;Running;Close; ; ; ;No;Yes;2500;Evader;;50
Combibo;Animal;Planet Calypso; ;40;60; ; ; ; ; ; ;Running;Close;15;5;Low;Yes;Yes;80;Evader;Animal Investigator; 
Coral Snake;Snake;ROCKtropia; ; ; ;50; ;50; ; ; ;Slithering;Close; ; ;High;No;No;800;Evader;Animal Investigator;50
Corinthian Kanin;Pet Breeds;Planet Calypso; ; ; ; ; ; ; ; ; ;Running;Close; ; ; ;Yes;Yes;50;;;20
Cornoanterion;Cornoanterion;F.O.M.A. - Fortuna; ;50;50; ; ; ; ; ; ;Running;Close, Fast; ; ;High;No;Yes;930;Evader;Animal Investigator;50
Cornundacauda;Cornundacauda;Planet Calypso; ; ;100; ; ; ; ; ; ;Running;Close;20; ;Medium;Yes;Yes;150;Evader;Animal Investigator;10
Cornundos;Cornundos;Planet Calypso; ; ;100; ; ; ; ; ; ;Running;Close;20; ;Low;No;Yes;10;Evader;Animal Investigator;10
Cosmic Horror;Cosmic Horror;Space; ; ; ; ; ; ; ; ; ;N/A;Ranged; ; ;High;No;No;650;;; 
Couger;Big Cats;ROCKtropia; ; ; ; ; ; ; ; ; ;Running;Close; ; ;Low;No;Yes;700;Evader;Animal Investigator;50
Crack Head;Human (ROCKtropia);ROCKtropia; ; ; ; ; ; ; ; ; ; ; ; ; ; ;No;Yes;500;Evader;Animal Investigator;50
Crib Raid I;Instances - Rocktropia;ROCKtropia; ; ; ; ; ; ; ; ; ; ; ; ; ; ;No;No; ;;; 
Crib Raid II;Instances - Rocktropia;ROCKtropia; ; ; ; ; ; ; ; ; ; ; ; ; ; ;No;No; ;;; 
Crib Raid III;Instances - Rocktropia;ROCKtropia; ; ; ; ; ; ; ; ; ; ; ; ; ; ;No;No; ;;; 
Crib Raid IV;Instances - Rocktropia;ROCKtropia; ; ; ; ; ; ; ; ; ; ; ; ; ; ;No;No; ;;; 
Crib Raid IX;Instances - Rocktropia;ROCKtropia; ; ; ; ; ; ; ; ; ; ; ; ; ; ;No;No; ;;; 
Crib Raid V;Instances - Rocktropia;ROCKtropia; ; ; ; ; ; ; ; ; ; ; ; ; ; ;No;No; ;;; 
Crib Raid VI;Instances - Rocktropia;ROCKtropia; ; ; ; ; ; ; ; ; ; ; ; ; ; ;No;No; ;;; 
Crib Raid VII;Instances - Rocktropia;ROCKtropia; ; ; ; ; ; ; ; ; ; ; ; ; ; ;No;No; ;;; 
Crib Raid VIII;Instances - Rocktropia;ROCKtropia; ; ; ; ; ; ; ; ; ; ; ; ; ; ;No;No; ;;; 
Crib Raid X;Instances - Rocktropia;ROCKtropia; ; ; ; ; ; ; ; ; ; ; ; ; ; ;No;No; ;;; 
Crunk Shark;Crunk Shark;ROCKtropia; ; ; ; ; ; ; ; ; ;Swimming;Close;55; ;High;No;No;2000;Evader;Animal Investigator;50
Crystal Pede;Crystal Pede;Planet Cyrene;30;30; ; ; ; ; ; ;40;Running;Close; ; ;Low;No;Yes;30;Evader;Animal Investigator;10
CUHOF 01;Instances - Toulan;Planet Toulan; ; ; ; ; ; ; ; ; ; ; ; ; ; ;No;No; ;;; 
CUHOF 02;Instances - Toulan;Planet Toulan; ; ; ; ; ; ; ; ; ; ; ; ; ; ;No;No; ;;; 
CUHOF 03;Instances - Toulan;Planet Toulan; ; ; ; ; ; ; ; ; ; ; ; ; ; ;No;No; ;;; 
CUHOF 04;Instances - Toulan;Planet Toulan; ; ; ; ; ; ; ; ; ; ; ; ; ; ;No;No; ;;; 
CUHOF 05;Instances - Toulan;Planet Toulan; ; ; ; ; ; ; ; ; ; ; ; ; ; ;No;No; ;;; 
CUHOF Beginner;Instances - Toulan;Planet Toulan; ; ; ; ; ; ; ; ; ; ; ; ; ; ;No;No; ;;; 
Cultist;Cultist;Monria; ; ;40;30; ; ;15;15; ; ; ; ; ; ;No;No;350;Dodger;Mutant Investigator;15
Cult of Shut'thend;Cultist;DSEC-9; ; ;45;45; ;10; ; ; ;Running;Close; ; ;V. High;No;No;20;Dodger;Mutant Investigator;50
Cyber Demon;Human (ROCKtropia);Hell; ; ; ; ; ; ; ; ; ;Running;Close; ; ; ;No;Yes;5000;Evader;;50
Cyber Street Vixen;Cyborg;ROCKtropia; ;100; ; ; ; ; ; ; ;Running;Close; ; ; ;No;No;10;Evader;Robot Investigator; 
Cyclops;Cyclops;Ancient Greece; ;50;50; ; ; ; ; ; ;Running;Close; ; ;Medium;No;Yes;20;Evader;Animal Investigator;10
Dahhar;Animal;Planet Toulan;10; ; ;90; ; ; ; ; ;Running;Close; ; ;Low;No;Yes;13;Evader;Animal Investigator;10
Daikiba;Daikiba;Various;10; ;90; ; ; ; ; ; ;Running;Close;20; ;Low;No;Yes;30;Evader;Animal Investigator; 
Daikiba (Calypso);Daikiba;Planet Calypso;10; ;90; ; ; ; ; ; ;Running;Close;20; ;Low;No;Yes;20;Evader;Animal Investigator;10
Daikiba (Rocktropia);Daikiba;ROCKtropia;10; ;90; ; ; ; ; ; ;Running;Close;20; ;Low;No;Yes;50;Evader;Animal Investigator;10
Daspletor;Daspletor;F.O.M.A. - Fortuna; ; ;100; ; ; ; ; ; ;Running;Close; ; ;V. High;No;Yes;7800;Dodger;Animal Investigator;50
Daudaormur;Daudaormur;Next Island; ; ; ; ; ; ; ; ; ;Slithering; ; ; ; ;No;Yes;1380;;Animal Investigator;50
D-Block Mafia Member;NWOMSP;ROCKtropia; ; ; ; ; ; ; ; ; ;Running;Close; ; ;High;No;Yes;1000;Evader;Animal Investigator;50
Death Drake (Next Island);Death Drake;Next Island; ; ; ; ; ; ; ;100; ;Flying;Ranged; ; ; ;No;Yes;2400;Evader;Animal Investigator; 
Death Drake (Secret Island);Death Drake;Secret Island; ; ; ; ; ; ; ;100; ;Flying;Ranged; ; ; ;No;No;2400;Evader;Animal Investigator;50
Decomposing Zombie;Zombie;ROCKtropia;30;45;25; ; ; ; ; ; ;Running;Close; ; ;Low;No;Yes;40;Evader;Animal Investigator;50
Deer;Deer;ROCKtropia; ; ; ; ; ; ; ; ; ;Running;Close; ; ;Low;No;Yes;100;Evader;Animal Investigator;50
Defender;Defender;Planet Calypso; ; ; ;40; ;60; ; ; ;Walking;Firearms; ; ; ;No;No;560;Dodger;Robot Investigator;50
Dehera;Aakas Dig;Planet Arkadia;10;10;40; ; ;40; ; ; ;Running;Close; ; ; ;No;No;1500;Evader;; 
Demon Hacker;Human (ROCKtropia);Hell;33.33; ; ; ; ; ; ; ;66.66;Running;Close; ; ; ;No;Yes;1000;Evader;; 
Demon Virus;Human (ROCKtropia);Hell; ; ; ; ; ; ; ; ; ;Running;Close; ; ; ;No;Yes;10000;Evader;; 
Desert Crawler;Desert Crawler;Next Island; ;33;33; ; ; ; ;33; ; ; ; ; ; ;No;Yes;550;Evader;Animal Investigator; 
Digital Club Doll;Cyborg;ROCKtropia; ;42;58; ; ; ; ; ; ;Running;Close; ; ;Medium;No;Yes;10;Evader;Robot Investigator;25
Dire Hound;Mayhem;Planet Calypso; ; ; ; ; ; ; ; ; ;Running;Close; ; ;V. High;No;No;10000;Evader;Animal Investigator;50
Dire Weed;Dire Weed;Planet Cyrene; ;50;50; ; ; ; ; ; ;Somehow;Ranged; ; ; ;No;Yes;50;Dodger;Animal Investigator; 
Diripi;Diripi;Planet Calypso;100; ; ; ; ; ; ; ; ;Flying;Close; ; ;V. High;No;Yes;40;Evader;Animal Investigator; 
Divine Radiated 50 Foot  Vixen;Cyborg;ROCKtropia; ; ; ; ; ; ; ; ; ;Running;Close; ; ; ;No;No;5470;Evader;Robot Investigator;50
Dreamer;Human (ROCKtropia);ROCKtropia; ; ; ; ; ; ; ; ; ; ; ; ; ; ;No;No;1800;;Animal Investigator;50
Drill Bot;Drill Bot;Planet Cyrene; ; ;33.333; ;33.333;33.333; ; ; ;Running;Close; ; ; ;No;No;150;Evader;Robot Investigator; 
Droka;Droka;Planet Calypso; ; ; ;25; ;75; ; ; ;Running;Firearms; ; ;Low;No;No;480;Dodger;Robot Investigator;50
Dromia;Dromia;Planet Arkadia; ; ;100; ; ; ; ; ; ;Running;Close; ; ; ;No;Yes;40;Evader;Animal Investigator;10
Drone;Drone;Various; ; ; ;30; ;70; ; ; ;Running;Firearms; ; ;High;No;No;300;Dodger;Robot Investigator; 
Drone (Calypso);Drone;Planet Calypso; ; ; ;30; ;70; ; ; ;Running;Firearms; ; ;High;No;No;300;Dodger;Robot Investigator;50
Drone (Rocktropia);Drone;ROCKtropia; ; ; ;30; ;70; ; ; ;Running;Firearms; ; ;High;No;No;300;Dodger;Robot Investigator;50
Drone Coordinator;Drone Coordinator;Planet Calypso; ; ; ;30; ;70; ; ; ;Running;Firearms; ; ;Medium;No;No;390;Dodger;Robot Investigator; 
Dropship;Dropship;Space; ; ; ; ; ; ; ; ; ;Fly;Ranged; ; ; ;No;No;3500;;;50
DSEC CB Bot;DSEC Bot;DSEC-9; ; ; ; ; ; ; ; ;100;Running;Close; ; ;High;No;No;10;Evader;Robot Investigator;5
DSEC FURY;Thawr;DSEC-9; ; ; ; ; ; ; ; ; ;Running;Ranged; ; ;Medium;No;No;1010;Dodger;Robot Investigator; 
DSEC Mach;DSEC Mach;DSEC-9; ; ; ; ; ; ; ; ;100;Running;Close; ; ;Low;No;No;5030;Evader;;50
DSEC OTIS;DSEC OTIS;DSEC-9; ; ;37; ;26;37; ; ; ; ;Ranged; ; ;Medium;No;No;1300;Dodger;Robot Investigator;50
DSEC TALUS;DSEC TALUS;DSEC-9; ; ; ; ; ; ; ;50;50;Running;Ranged; ; ;Medium;No;No;15;Dodger;Robot Investigator;50
Duhol;Duhol;Planet Toulan; ; ;50; ; ; ;50; ; ;Running;Close; ; ;Medium;No;Yes;100;Evader;Animal Investigator;10
Duke Wave Event;Cyrene Wave (Duke);Planet Cyrene; ; ; ; ; ; ; ; ; ;Various;Various; ; ; ;No;No; ;;; 
Duster;Duster Gang;Planet Cyrene; ; ;33.333;33.333; ;33.333; ; ; ;Running;Ranged; ; ; ;No;No;80;Evader;Animal Investigator; 
Dymlek;Dymlek;Space; ; ; ; ; ; ; ; ; ;Flying;Ranged; ; ; ;No;No;800;;; 
Easter Robots;Mayhem;Entropia Universe; ; ; ; ; ; ; ; ; ; ; ; ; ; ;No;No; ;;; 
Electro Dance Machine;Cyborg;ROCKtropia;12;34;54; ; ; ; ; ; ;Running;Close; ; ; ;No;No;10;Evader;Robot Investigator;25
Elvis Dragon;Dragon;ROCKtropia; ; ; ;43; ;57; ; ; ;Flying;Close; ; ;Medium;No;Yes;2640;Evader;Animal Investigator;50
Empi;Empis Wasp;Planet Cyrene;50; ; ; ; ; ; ;50; ;Flying;Close; ; ;Medium;No;Yes;50;Evader;Animal Investigator;10
Empis Wasp;Empis Wasp;Planet Cyrene; ; ;100; ; ; ; ; ; ;Flying;Close; ; ; ;No;Yes;850;;Animal Investigator; 
Enhanced Duhol;Animal;Planet Toulan;33;33;33; ; ; ; ; ; ;Running; ; ; ; ;No;Yes;980;Evader;Animal Investigator;50
Enraged Scoria;Scoria;Planet Arkadia;50; ;50; ; ; ; ; ; ;Running;Close; ; ;Low;No;Yes;5000;Evader;Animal Investigator;50
Enraged Teladon;Teladon;Planet Arkadia;20;40;40; ; ; ; ; ; ;Running;Close; ; ;Low;No;Yes;1300;Evader;Animal Investigator;50
Enslaved Daudaormur;Daudaormur;Ancient Greece; ; ; ; ; ; ; ; ; ;Slithering;Close; ; ; ;No;Yes;1380;Evader;Animal Investigator; 
Eomon;Animal;Planet Calypso;35; ;65; ; ; ; ; ; ;Running;Close; ; ; ;No;Yes;5020;Evader;Animal Investigator; 
Equus;Equus;Planet Calypso; ; ;100; ; ; ; ; ; ;Running;Close; ; ;High;No;Yes;280;Evader;Animal Investigator;50
Estophyl;Estophyl;Planet Calypso; ; ;75; ; ; ; ; ;25;Running;Close; ; ;High;No;Yes;700;Evader;Animal Investigator;50
Eudorian Devil;Pet Breeds;Planet Calypso; ; ; ; ; ; ; ; ; ;Running;Close; ; ; ;Yes;Yes;460;Evader;Animal Investigator;24
Eviscerator;Eviscerator;Planet Calypso;50; ; ; ; ; ; ; ;50;Running;Close; ; ;Medium;No;No;920;Evader;Robot Investigator;50
Evolved Wahesh;Animal;Planet Toulan; ; ; ; ; ; ; ; ; ;Flying;Close; ; ;High;No;Yes;2910;Evader;Animal Investigator;50
Exarosaur;Exarosaur;Various; ; ; ; ; ; ; ; ; ;Running;Close; ; ; ;No;Yes; ;Evader;Animal Investigator; 
Exarosaur (Calypso);Exarosaur;Planet Calypso; ; ;100; ; ; ; ; ; ;Running;Close;20; ;Low;No;Yes;50;Evader;Animal Investigator;10
Exarosaur (Rocktropia);Exarosaur;ROCKtropia; ; ;100; ; ; ; ; ; ;Running;Close;20; ;Low;No;Yes;50;Evader;Animal Investigator;10
Exarosaur (Secret Island);Exarosaur;Secret Island; ; ;100; ; ; ; ; ; ;Running;Close;20; ;Low;No;Yes;50;Evader;Animal Investigator;10
Falxangius;Animal;Planet Calypso;10; ;90; ; ; ; ; ; ;Running;Close; ; ;High;No;Yes;2670;Evader;Animal Investigator; 
Famished Fish;Shark;Ancient Greece; ; ; ; ; ; ; ; ; ;Swimming; ; ; ; ;No;No;2000;Evader;Animal Investigator; 
Faucervix;Animal;Planet Calypso; ;25;75; ; ; ; ; ; ;Running;Close;20; ;High;No;Yes;100;Evader;Animal Investigator; 
Feffoid;Feffoid;Various; ; ;35; ; ; ;65; ; ;Running;Close; ; ;High;No;No;550;Evader;Mutant Investigator; 
Feffoid (Calypso);Feffoid;Planet Calypso; ; ;35; ; ; ;65; ; ;Running;Close; ; ;High;No;No;550;Evader;Mutant Investigator; 
Feffoid (Rocktropia);Feffoid;ROCKtropia; ; ;35; ; ; ;65; ; ;Running;Close; ; ;High;No;No;880;Evader;Mutant Investigator;50
Feffox;Feffox;Planet Calypso;16.66;38.88;27.77; ; ; ;16.66; ; ; ;Close; ; ; ;No;Yes;1400;Evader;Animal Investigator;50
Female Screecher;Screecher;Next Island; ; ; ; ; ; ; ; ; ;Running;Close; ; ;Low;No;Yes;180;Evader;Animal Investigator;10
Fembot Raver;Cyborg;ROCKtropia;30;30;40; ; ; ; ; ; ;Running;Close;20; ; ;No;No;50;Evader;Robot Investigator;25
Fenris Dock Guardian;Fenris Dock Guardian;Planet Cyrene; ; ;33;33; ;33; ; ; ;Running;Ranged; ; ;Medium;No;No;3100;Dodger;; 
Feran;Feran;Planet Arkadia;34;34; ;32; ; ; ; ; ;Flying;Close; ; ; ;No;Yes;40;Evader;Animal Investigator;10
Fire Temple;Instances - Rocktropia;Secret Island; ; ; ; ; ; ; ; ; ; ; ; ; ; ;No;No; ;;; 
Firewall;Firewall;Hell;33;33;33; ; ; ; ; ; ;Running;Close; ; ; ;No;No;500;Evader;Mutant Investigator;50
Flesh Ripper;Flesh Ripper;Planet Cyrene;33;33;33; ; ; ; ; ; ;Flying;Close; ; ;Low;No;No;1200;Evader;Animal Investigator;50
Forest Temple;Instances - Rocktropia;Secret Island; ; ; ; ; ; ; ; ; ; ; ; ; ; ;No;No; ;;; 
Formicacida;Formicacida;Planet Calypso;33;33; ; ; ; ; ;33; ;Running;Close; ; ;High;No;Yes;1200;Evader;Animal Investigator; 
Formidon;Formidon;Planet Calypso;65; ;13;22; ; ; ; ; ;Running;Close; ; ;Low;No;Yes;1100;Evader;Animal Investigator;50
Forum Troll;Human (ROCKtropia);ROCKtropia; ; ; ; ; ; ; ; ; ;Running;Close; ; ;Low;No;Yes;50;Evader;Animal Investigator;50
Foul;Foul;Various; ; ;100; ; ; ; ; ; ;Running;Close; ; ;High;No;No;100;Evader;Animal Investigator; 
Foul (Calypso);Foul;Planet Calypso; ; ;100; ; ; ; ; ; ;Running;Close; ; ;High;No;No;100;Evader;Animal Investigator;10
Foul (F.O.M.A);Foul;F.O.M.A. - Fortuna; ; ; ; ; ; ; ; ; ; ; ; ; ; ;No;No;100;Evader;Animal Investigator; 
Foul (Rocktropia);Foul;ROCKtropia; ; ;100; ; ; ; ; ; ;Running;Close; ; ;High;No;No;100;Evader;Animal Investigator;10
Frescoquda;Animal;Planet Calypso; ; ;40; ; ; ; ;60; ;Jumping;Close; ; ;Low;No;Yes;1380;Evader;Animal Investigator; 
Freshwater Calypsocod;Calypsocod;Planet Calypso; ; ; ; ; ; ; ; ; ;Swimming;Close; ; ;Low;No;No;10;Evader;Animal Investigator; 
Fugabarba;Fugabarba;Planet Calypso; ; ; ; ; ; ; ; ; ;Running;Close; ; ;V. Low;No;Yes;10;;Animal Investigator;5
Fungoid;Fungoid;Planet Calypso; ; ; ; ; ; ; ;100; ;Jumping;Close; ; ;Medium;No;Yes;450;Evader;Animal Investigator; 
Furor;Furor;Planet Calypso; ; ;50; ; ; ; ;50; ;Running (slow);Close; ;15;Low;No;No;1030;Evader;Mutant Investigator;50
Fury Hound;Mayhem; ; ; ; ; ; ; ; ; ; ;Running;Close; ; ;V. High;No;No;2000;Evader;Animal Investigator;50
Gallard;Gallard;Planet Arkadia;33;33;33; ; ; ; ; ; ;Running;Close; ; ;Low;No;Yes;15;Evader;Animal Investigator;10
Gamgels Dragon;Dragon;ROCKtropia; ; ; ; ; ; ; ; ; ;Running; ; ; ; ;No;No;2080;Evader;Animal Investigator;50
Garcia Dragon;Dragon;ROCKtropia; ; ; ; ; ;40; ;60; ;Flying;Close; ; ; ;No;Yes;2820;Evader;Animal Investigator;50
Gary the Alien;Animal;ROCKtropia; ; ; ; ; ; ; ; ; ; ; ; ; ; ;No;No;300;;;50
Gauntlet Calamusoid Female;Calamusoid; ; ; ; ; ; ; ; ; ; ; ; ; ; ; ;No;No; ;Evader;Mutant Investigator; 
Gauntlet Calamusoid Male;Calamusoid; ; ; ; ; ; ; ; ; ; ; ; ; ; ; ;No;No; ;Evader;Mutant Investigator; 
Ghostly Screecher;Screecher;Next Island; ; ;25; ; ; ;75; ; ; ; ; ; ;High;No;Yes;1200;Dodger;Animal Investigator; 
Giant Grey Papoo;Papoo;Secret Island; ; ; ; ; ; ; ; ; ; ; ; ; ; ;No;Yes;70;Evader;Animal Investigator;50
Gibnib;Gibnib;Planet Calypso; ; ; ; ; ; ; ; ; ;Running;None; ; ;V. Low;No;Yes;10;;Animal Investigator;5
Glamor Girl Drone;Cyborg;ROCKtropia;50; ;50; ; ; ; ; ; ;Running;Close; ; ; ;No;No;50;Evader;Robot Investigator;25
Globster;Animal;Planet Calypso; ; ;1; ; ; ; ;99; ;Running;Ranged;26; ;V. Low;No;No;2230;Dodger;Mutant Investigator; 
GMC 03 Gamma;Mutants;Arkadia Moon;15;85; ; ; ; ; ; ; ;Running;Close; ; ; ;No;No;2000;Evader;Mutant Investigator; 
Gokibusagi;Gokibusagi;Planet Calypso;50;50; ; ; ; ; ; ; ;Running;Close; ; ;High;No;Yes;280;Evader;Animal Investigator;50
Golem;Golem;Planet Cyrene; ; ; ; ; ; ; ; ; ;Floating;Ranged AoE & Close; ; ; ;No;Yes;1750;;; 
Gorgon;Gorgon;Ancient Greece;40;40;100; ; ; ; ; ; ; ; ; ; ; ;No;Yes;150000;;Animal Investigator; 
Gorgon's Shade;Gorgon;Ancient Greece;60;60;120; ; ; ; ; ; ; ; ; ; ; ;No;No;450000;;Animal Investigator; 
Gradivore;Gradivore;Planet Calypso; ; ; ; ; ; ; ;100; ;Running;Close; ; ;Medium;No;Yes;100;Evader;Animal Investigator;25
Grand Formidon;Formidon;Planet Calypso;65; ;13;22; ; ; ; ; ;Running;Close; ; ;High;No;Yes;1750;Evader;Animal Investigator;50
Great Sea Beast Lazidol;Lazidol;Planet Cyrene; ; ; ;33; ; ;33;33; ;Swimming;Close; ; ; ;No;No;9400;Evader;; 
Great White Shark (Next Island);Shark;Next Island;33;33;33; ; ; ; ; ; ;Swimming;Close; ; ; ;No;No;2400;Evader;Animal Investigator; 
Great White Shark (Secret Island);Shark;Secret Island; ; ; ; ; ; ; ; ; ; ; ; ; ; ;No;No;2000;Evader;Animal Investigator;50
Green Snake;Snake;ROCKtropia; ; ; ; ; ; ; ; ; ;Slithering; ; ; ;High;No;No;500;Evader;Animal Investigator;50
Grey Papoo (Next Island);Papoo;Next Island; ; ; ; ; ; ; ; ; ;Running;Close; ; ; ;No;Yes;50;Evader;Animal Investigator; 
Grey Papoo (Secret Island);Papoo;Secret Island; ; ; ; ; ; ; ; ; ;Running;Close; ; ; ;No;Yes;50;Evader;Animal Investigator;16
Guardian of Death;Animal;Secret Island; ; ; ; ; ; ; ; ; ; ; ; ; ; ;No;Yes;600;;; 
Guardian of Despair;Animal;Secret Island; ; ; ; ; ; ; ; ; ; ; ; ; ; ;No;No;750;;; 
Guardian of Fear;Animal;Secret Island; ; ; ; ; ; ; ; ; ; ; ; ; ; ;No;Yes;1550;Evader;; 
Guardian of War;Animal;Secret Island; ; ; ; ; ; ; ; ; ; ; ; ; ; ;No;No;1800;;; 
Gynoid Elite Series;Cyborg;ROCKtropia; ; ;100; ; ; ; ; ; ;Running;Close; ; ; ;No;Yes;50;Evader;Animal Investigator;50
Hackfin;Hackfin;Planet Cyrene; ; ; ; ; ; ; ; ; ;Swimming;Close; ; ; ;No;No;50;Evader;Animal Investigator; 
Hadraada;Hadraada;Planet Arkadia;50; ;50; ; ; ; ; ; ;Running;Close; ; ;Low;No;Yes;190;Evader;Animal Investigator;10
Halix;Halix;Planet Arkadia;33;33; ; ; ; ; ;33; ;Running;Close;20; ;Low;No;Yes;30;Evader;Animal Investigator;10
Halloween Creatures;Mayhem;Entropia Universe; ; ;33;50; ; ; ; ;17; ; ; ; ; ;No;No; ;;; 
Harbinger;Harbinger;Planet Calypso;31.25;31.25; ; ; ;37.5; ; ; ;Running;Close; ;40;Medium;No;No;450;Dodger;Robot Investigator;50
Hard ROCKER;Hard ROCKER;ROCKtropia; ; ; ; ; ; ; ; ; ; ; ; ; ; ;No;Yes;50;Evader;Animal Investigator;50
Harlem Hustler;Harlem Hustler;ROCKtropia; ; ; ; ; ; ; ; ; ;Running;Close; ; ;Low;No;Yes;50;Evader;Animal Investigator;50
Hater;Human (ROCKtropia);ROCKtropia; ;100; ; ; ; ; ; ; ;Running; ;30; ;Low;No;Yes;300;Evader;Animal Investigator;50
Hendrix Dragon;Dragon;ROCKtropia; ; ; ; ; ; ;26;37;37;Flying; ; ; ; ;No;No;3010;Evader;Animal Investigator;50
Hermit;Hermit;Space; ; ; ; ; ; ; ; ; ;Fly;Ranged; ; ; ;No;No;1200;;;50
Highland Allophyl;Allophyl;Planet Calypso; ; ; ; ; ; ; ; ; ;Running;Close; ; ;V. Low;No;Yes;20;Evader;Animal Investigator;5
Highland Mourner;Mourner;Planet Calypso; ; ; ; ; ; ; ; ; ; ;Close; ; ;Low;No;Yes;20;Evader;Animal Investigator; 
Hiryuu;Hiryuu;Various;50; ;50; ; ; ; ; ; ;Flying;Close; ; ;Medium;No;Yes;120;Evader;Animal Investigator; 
Hiryuu (Calypso);Hiryuu;Planet Calypso;50; ;50; ; ; ; ; ; ;Flying;Close; ; ;Medium;No;Yes;120;Evader;Animal Investigator;5
Hiryuu (Rocktropia);Hiryuu;ROCKtropia;50; ;50; ; ; ; ; ; ;Flying;Close; ; ;Medium;No;Yes;120;Evader;Animal Investigator;50
Hispidus;Hispidus;Planet Calypso; ;50;50; ; ; ; ; ; ;Running;Close; ; ;Medium;No;Yes;780;Evader;Animal Investigator; 
HODLR;HODLR;ROCKtropia; ; ; ; ; ; ; ; ; ; ; ; ; ; ;No;Yes;2080;Evader;Animal Investigator;50
Hogglo;Animal;Planet Calypso;35;18;47; ; ; ; ; ; ;Running;Close, Fast; ; ;High;No;Yes;2000;Evader;Animal Investigator; 
Horned Bird;Horned Bird;Planet Cyrene;20;20;60; ; ; ; ; ; ;Flying;Close; ; ; ;No;Yes;220;Evader;Animal Investigator; 
Horned Whisker Fish;Whisker Fish;Planet Cyrene; ; ;50;50; ; ; ; ; ;Swimming;Close; ; ; ;No;No;250;;Animal Investigator; 
Horny Little Devil;Human (ROCKtropia);Hell; ;20;40;20; ;20; ; ; ;Running;Close; ; ; ;No;Yes;500;Evader;Animal Investigator;50
Huon;Huon;Planet Arkadia;30;30;40; ; ; ; ; ; ;Running;Close; ; ; ;No;Yes;1600;Evader;Animal Investigator;50
Hussk;Hussk;Planet Calypso; ; ; ; ; ; ; ; ; ;None;Ranged; ; ;V. High;No;Yes;1950000;;; 
Husskling;Animal;Planet Calypso; ; ; ; ; ; ; ; ; ;None;Ranged; ; ; ;No;Yes;1100;Dodger;Animal Investigator;50
Hustler;Human (ROCKtropia);ROCKtropia; ; ; ; ; ; ; ; ; ;Running;Firearms; ; ; ;No;Yes;30;Evader;Animal Investigator;50
IFN Defense Bot;IFN Bots;Planet Arkadia; ; ;30;31; ;39; ; ; ;Hovering;Ranged; ; ;Low;No;No;40;Dodger;Robot Investigator;30
Igni;Animal;Planet Calypso;80; ; ; ; ; ; ; ;20;Flying;Close; ; ;V. High;No;Yes;40;Evader;Animal Investigator;10
Imperium;Imperium;Planet Cyrene; ; ;33;33; ;33; ; ; ;Running;Firearms; ; ;High;No;No;1100;Dodger;Animal Investigator; 
Imperium Officer;Imperium;Planet Cyrene; ; ;33;33; ; ;33; ; ;Running;Firearms; ; ; ;No;No;2200;Dodger;Humanoid Investigator; 
Imperium Pilot;Imperium;Planet Cyrene; ; ;50;50; ; ; ; ; ;Running;Firearms; ; ; ;No;No;110;Dodger;Humanoid Investigator; 
Infected Maass;Mutant (Rocktropia);ROCKtropia; ; ; ; ; ; ; ; ; ;Running; ; ; ; ;No;No;210;Evader;Mutant Investigator;50
Infected Staiger;Mutant (Rocktropia);ROCKtropia; ; ; ; ; ; ; ; ; ;Running; ; ; ; ;No;No;210;Evader;Mutant Investigator;50
Infected Wolf;Wolf;ROCKtropia; ; ; ; ; ; ; ; ; ;Running;Close; ; ;Medium;No;Yes;310;Evader;Animal Investigator;50
Island Gorilla;Gorilla;Secret Island; ; ; ; ; ; ; ; ; ;Running; ; ; ; ;No;Yes;500;Evader;Animal Investigator;50
Island Shark (Next Island);Shark;Next Island;33;33;33; ; ; ; ; ; ;Swimming;Close; ; ; ;No;No;1050;Evader;Animal Investigator;50
Island Shark (Secret Island);Shark;Secret Island; ; ; ; ; ; ; ; ; ; ; ; ; ; ;No;No;1050;Evader;Animal Investigator;50
Itumatrox;Itumatrox;Various; ; ;25;75; ; ; ; ; ;Jumping;Close; ; ;Low;No;Yes;680;Evader;Animal Investigator; 
Itumatrox (Calypso);Itumatrox;Planet Calypso; ; ;25;75; ; ; ; ; ;Jumping;Close; ; ;Low;No;Yes;680;Evader;Animal Investigator; 
Itumatrox (Rocktropia);Itumatrox;ROCKtropia; ; ;25;75; ; ; ; ; ;Jumping;Close; ; ;Low;No;Yes;680;Evader;Animal Investigator;50
JamRaider;JamRaider;Planet Calypso; ; ; ; ; ; ; ; ; ;Flying;None; ; ; ;No;No;40;;Robot Investigator; 
Jeef Qaher;Jeef;Planet Toulan;30;30; ;40; ; ; ; ; ;Running;Close; ; ;High;No;No;210;Evader;Mutant Investigator;50
Jeef Zajer;Jeef;Planet Toulan;30;30; ;40; ; ; ; ; ;Running;Close; ; ;High;No;No;360;Evader;Mutant Investigator;50
Jeef Zajer Host;Animal;Planet Toulan; ; ; ; ; ; ; ; ; ;Running;Close; ; ; ;No;No;540;Evader;Mutant Investigator;50
Jellyworm;Jellyworm;Planet Cyrene; ; ;40;30;10;10; ; ;10;Crawling;Close; ; ; ;No;Yes;100;Evader;Animal Investigator; 
Joplin Dragon;Dragon;ROCKtropia; ; ;33.33;33.33; ; ; ;33.33; ;Flying; ; ; ; ;No;No;1890;Evader;Animal Investigator;50
Jori;Jori;Planet Arkadia;50;50; ; ; ; ; ; ; ;Swimming;Close;20; ;Low;No;No;20;Evader;Animal Investigator;10
Kadra;Kadra;Planet Arkadia;34;33;33; ; ; ; ; ; ;Running;Close; ; ;Low;No;Yes;1100;Evader;Animal Investigator;50
Kal-Rahm The Cannibal;Mayhem;Global Instances; ; ; ; ; ; ; ; ; ;Running;Close; ; ; ;No;No;1920;Evader;Mutant Investigator; 
Kamaldon;Animal;Planet Arkadia;33;33;33; ; ; ; ; ; ;Running;Close; ; ; ;No;Yes;2300;Evader;Animal Investigator; 
Kerberos;Animal;Various; ;20;80; ; ; ; ; ; ;Running;Close; ; ;Medium;No;Yes;110;Evader;Animal Investigator; 
Kerberos (Calypso);Animal;Planet Calypso; ;20;80; ; ; ; ; ; ;Running;Close; ; ;Medium;No;Yes;110;Evader;Animal Investigator;10
Kerberos (Rocktropia);Animal;ROCKtropia; ;20;80; ; ; ; ; ; ;Running;Close; ; ;Medium;No;Yes;110;Evader;Animal Investigator;10
Khaffash;Jeef;Planet Toulan; ;33;33;33; ; ; ; ; ;Flying;Close; ; ; ;No;No;180;Evader;Mutant Investigator;14
Kiana;Kiana;Planet Arkadia; ;60;20;20; ; ; ; ; ;Running;Close; ; ;High;No;Yes;780;Evader;Animal Investigator;50
Kingfisher;Animal;Planet Calypso;100; ; ; ; ; ; ; ; ;Flying;Close; ; ;V. High;No;Yes;1560;Evader;Animal Investigator; 
KING KONG;Gorilla;ROCKtropia; ; ; ; ; ; ; ; ; ;Running;Close; ; ;High;No;No;450000;;; 
Kitty;Pet Breeds;Planet Calypso; ; ; ; ; ; ; ; ; ; ; ; ; ; ;Yes;Yes;200;;; 
Kong;Gorilla;Secret Island; ; ; ; ; ; ; ; ; ;Running; ; ; ; ;No;No;2910;Evader;Animal Investigator;50
Kool Kat;Animal;ROCKtropia;25;25;25;25; ; ; ; ; ;Running;Close; ; ; ;No;No;1020;Evader;Animal Investigator; 
Korwil;Korwil;Planet Arkadia;30;40; ; ; ; ;30; ; ;Running;Close; ; ; ;No;No;1800;Evader;Animal Investigator;50
Kreltin;Kreltin;Crystal Palace; ; ;75; ; ; ; ;25; ;Running;Close; ; ;V. High;No;Yes;1170;Evader;Animal Investigator;50
L.A.R.A;C.A.R.E.;Next Island; ; ; ; ; ; ; ; ; ; ; ; ; ; ;Yes;No;20;Evader;Robot Investigator; 
Legionnaire;Legionnaire;Planet Calypso; ; ;8;27; ;65; ; ; ;Walking;Ranged; ; ; ;No;No;810;Dodger;Robot Investigator; 
Lemmy Dragon;Dragon;ROCKtropia;41;32; ; ; ; ; ; ;27;Flying;Close; ; ;Medium;No;Yes;2000;Evader;Animal Investigator;50
Lemmy's Guardian;Motorhead;ROCKtropia; ; ; ; ; ; ; ; ; ; ; ; ; ; ;No;No;300;Evader;Animal Investigator; 
Leonardo Papoo;Papoo;Next Island; ; ; ; ; ; ; ; ; ;Running; ; ; ; ;No;Yes;140;;Animal Investigator; 
Leopard;Big Cats;ROCKtropia; ; ; ; ; ; ; ; ; ;Running; ; ; ; ;No;Yes;1000;Evader;Animal Investigator;50
Leprechaun;Pet Breeds;Monria; ;40;60; ; ; ; ; ; ;Running;Close; ; ; ;Yes;Yes;90;Evader;Animal Investigator;6
Letomie;Letomie;Planet Calypso;50; ; ; ; ; ; ;50; ;Rolling;Close; ; ;Low;No;Yes;1530;Evader;Animal Investigator;50
Leviathan;Animal;Planet Calypso; ;15;60; ; ; ; ;25; ;Swimming;Close; ; ; ;No;No;2650;Evader;Animal Investigator; 
Leviathan's Legionaire;Skeleton;Hell;45; ;55; ; ; ; ; ; ;Running;Close; ; ; ;No;Yes;1600;Evader;Animal Investigator;50
Living Vortex;Living Storm;Planet Cyrene;33;33; ; ;33; ; ; ; ;Floating;Close; ; ; ;No;No;400;Evader;Animal Investigator; 
Locusta;Locusta;Space; ; ; ; ; ; ; ; ; ;Fly;Ranged; ; ; ;No;No;950;;;50
Longtooth;Animal;Planet Calypso; ; ;100; ; ; ; ; ; ;Running;Close; ; ; ;No;Yes;320;Evader;Animal Investigator;50
Longu;Longu;Planet Calypso; ;26;74; ; ; ; ; ; ;Running;Close;20; ;Low;No;Yes;310;Evader;Animal Investigator;50
Longu (F.O.M.A);Animal;F.O.M.A. - Fortuna; ; ; ; ; ; ; ; ; ; ; ; ; ; ;No;Yes;310;Evader;Animal Investigator; 
Lotus Invader;Lotus Invader;DSEC-9; ; ; ; ; ; ; ; ; ;Running;Ranged; ; ; ;No;No;1400;Evader;Mutant Investigator; 
Lucifer's Legionaire;Skeleton;Hell; ; ; ; ; ; ; ; ; ;Running;Close; ; ; ;No;Yes;2200;Evader;Animal Investigator;50
Madana;Madana;Planet Arkadia;30;30; ; ; ; ; ;40; ;Running;Close; ; ;Low;No;Yes;420;Evader;Animal Investigator;50
Maffoid;Maffoid;Planet Calypso; ;45;55; ; ; ; ; ; ;Running;Close; ; ;High;No;No;20;Evader;Mutant Investigator;50
Magurg Breeder;Magurg;Planet Arkadia;33.3;33.3;33.4; ; ; ; ; ; ; ; ; ; ; ;No;No;110;Evader;Animal Investigator; 
Magurg Female;Magurg;Planet Arkadia;33;33;33; ; ; ; ; ; ; ; ; ; ; ;No;No;970;Evader;; 
Magurg Male;Magurg;Planet Arkadia;35;34;31; ; ; ; ; ; ; ; ; ; ; ;No;No;300;Evader;Animal Investigator; 
Magurg Patriarch;Magurg;Planet Arkadia; ; ; ; ; ; ; ; ; ; ; ; ; ; ;No;No;300;Evader;Animal Investigator; 
Malcruentor;Malcruentor;Various;33;33;33; ; ; ; ; ; ;Running;Close; ; ;V. High;No;Yes;2570;Evader;Animal Investigator;50
Malcruentor (Calypso);Malcruentor;Planet Calypso;33;33;33; ; ; ; ; ; ;Running;Close; ; ;V. High;No;Yes;2570;Evader;Animal Investigator; 
Malcruentor (Rocktropia);Malcruentor;ROCKtropia;33;33;33; ; ; ; ; ; ;Running;Close; ; ;V. High;No;Yes;2570;Evader;Animal Investigator;50
Male Screecher;Screecher;Next Island; ; ; ; ; ; ; ; ; ;Running;Close; ; ; ;No;Yes;230;Evader;Animal Investigator; 
Male Zeladoth;Zeladoth;Planet Cyrene;25;25;25;25; ; ; ; ; ;Running;Close; ; ; ;No;Yes;300;Evader;Animal Investigator;10
Malware Kong;Instances - Rocktropia;Hell; ; ; ; ; ; ; ; ; ; ; ; ; ; ;No;No; ;;; 
Mang Chang;Mang Chang;Planet Cyrene;33;33;33; ; ; ; ; ; ;Running;Close; ; ; ;No;Yes;800;Evader;Animal Investigator; 
Marcimex;Marcimex;Planet Calypso;50; ;50; ; ; ; ; ; ; ;Close; ; ; ;No;No;190;Evader;Animal Investigator;50
Mayhem Araneatrox;Mayhem;Planet Calypso; ;20;43; ; ; ;37; ; ;Running;Close; ; ; ;No;Yes;1500;Evader;Animal Investigator; 
Mayhem Kerberos;Mayhem;Planet Calypso; ;33;33; ; ; ;33; ; ;Running;Close; ; ; ;No;Yes;400;Evader;Animal Investigator;50
Mayhem Mulmun;Mayhem;Planet Calypso; ; ;100; ; ; ; ; ; ;Running;Close; ; ; ;No;No;640;Evader;Mutant Investigator;50
Mayhem Mulmun Ascended Alpha;Mayhem;Planet Calypso; ; ; ; ; ; ; ; ; ;Running;Close; ; ; ;No;No;1950;Evader;Mutant Investigator;50
Mayhem Mulmun Ascended Elite;Mayhem;Planet Calypso; ; ; ; ; ; ; ; ; ;Running;Close; ; ; ;No;No;1950;Evader;Mutant Investigator;50
Mayhem Mulmun Ascended Warrior;Mayhem;Planet Calypso; ; ; ; ; ; ; ; ; ;Running;Close; ; ; ;No;No;1950;Evader;Mutant Investigator;50
Mecha Lupine;Mecha Lupine;Planet Cyrene; ; ; ; ; ; ; ; ; ;Running; ; ; ; ;No;No;300;Evader;Robot Investigator;10
Megalodon;Shark;Next Island;33;33;33; ; ; ; ; ; ; ; ; ; ; ;No;No;170000;Evader;Animal Investigator; 
Mei Hua Quan;Pet Breeds;Planet Calypso; ; ; ; ; ; ; ; ; ;Running;Close; ; ; ;Yes;No;630;Evader;;50
Merfolken;Merfolken;Planet Cyrene; ;40; ; ; ; ;60; ; ;Running;Close; ; ;Medium;No;No;80;Evader;;10
Merfolken Spearmen;Merfolken;Planet Cyrene; ; ; ; ; ; ; ; ; ;Running;Close; ; ; ;No;No;400;Evader;; 
Mermoth;Mermoth;Various; ; ;100; ; ; ; ; ; ;Crawling;Close; ; ;V. High;No;Yes;320;Evader;Animal Investigator; 
Mermoth (Calypso);Mermoth;Planet Calypso; ; ;100; ; ; ; ; ; ;Crawling;Close; ; ;V. High;No;Yes;320;Evader;Animal Investigator;50
Mermoth (Rocktropia);Mermoth;ROCKtropia; ; ;100; ; ; ; ; ; ;Crawling;Close; ; ;V. High;No;Yes;320;Evader;Animal Investigator; 
Merp (Calypso);Merp;Planet Calypso;40; ;60; ; ; ; ; ; ;Running;Close; ; ;High;No;Yes;50;Evader;Animal Investigator;10
Merp (Secret Island);Merp;Secret Island;40; ;60; ; ; ; ; ; ;Running;Close; ; ;High;No;Yes;50;Evader;Animal Investigator;50
Merry Annihilation Daikiba;Mayhem;Planet Calypso;25;25;25; ; ; ;25; ; ;Running;Close; ; ; ;No;Yes;640;Evader;Animal Investigator;50
Merry Annihilation Hispidus;Mayhem;Planet Calypso; ; ; ; ; ; ; ; ; ;Running;Close; ; ; ;No;No;1920;Evader;Animal Investigator;50
Merry Creatures;Mayhem;Entropia Universe; ; ; ; ; ; ; ; ; ; ; ; ; ; ;No;No; ;;; 
Merry Daikiba;Mayhem;Planet Calypso;25;25;25; ; ; ;25; ; ;Running;Close; ; ; ;No;Yes;540;Evader;Animal Investigator;50
Merry Hispidus;Mayhem;Planet Calypso; ; ; ; ; ; ; ; ; ; ;Ranged, Close; ; ;V. High;No;No;1340;Evader;Animal Investigator;50
Merry Hogglo;Mayhem;Planet Calypso; ; ; ; ; ; ; ; ; ; ; ; ; ; ;No;No;6710;Dodger;Animal Investigator;50
Merry Snarg;Snarg;Planet Calypso; ; ;100; ; ; ; ; ; ;Running;Close; ; ; ;No;Yes;160;Evader;Animal Investigator;5
Mind Reaver;Mind Reaver;Planet Calypso; ; ; ;20; ; ;80; ; ; ;Ranged; ; ; ;No;No;640;Dodger;Animal Investigator;50
Mine I - Abandoned Mine;Instances - Rocktropia;ROCKtropia; ; ; ; ; ; ; ; ; ; ; ; ; ; ;No;No; ;;; 
Mine III - Mantakuku Mine;Instances - Rocktropia;ROCKtropia; ; ; ; ; ; ; ; ; ; ; ; ; ; ;No;No; ;;; 
Mine II - Low Land Salt Mine;Instances - Rocktropia;ROCKtropia; ; ; ; ; ; ; ; ; ; ; ; ; ; ;No;No; ;;; 
Mine IV - Asanbosam Mine;Instances - Rocktropia;ROCKtropia; ; ; ; ; ; ; ; ; ; ; ; ; ; ;No;No; ;;; 
Mine IX - Haunted Mine;Instances - Rocktropia;ROCKtropia; ; ; ; ; ; ; ; ; ; ; ; ; ; ;No;No; ;;; 
Miner Bot;Miner Bot;Planet Calypso; ;50;50; ; ; ; ; ; ;Walking;Close;20; ;V. Low;No;No;550;Evader;Robot Investigator; 
Mine VI - Handuke Mine;Instances - Rocktropia;ROCKtropia; ; ; ; ; ; ; ; ; ; ; ; ; ; ;No;No; ;;; 
Mine VIII - Sebastians Mine;Instances - Rocktropia;ROCKtropia; ; ; ; ; ; ; ; ; ; ; ; ; ; ;No;No; ;;; 
Mine VII - Trepitoli Mine;Instances - Rocktropia;ROCKtropia; ; ; ; ; ; ; ; ; ; ; ; ; ; ;No;No; ;;; 
Mine V - Piran Mine;Instances - Rocktropia;ROCKtropia; ; ; ; ; ; ; ; ; ; ; ; ; ; ;No;No; ;;; 
Mine X;Instances - Rocktropia;ROCKtropia; ; ; ; ; ; ; ; ; ; ; ; ; ; ;No;No; ;;; 
Mod;Human (ROCKtropia);ROCKtropia; ; ; ; ; ; ; ; ; ; ; ; ; ; ;No;Yes;60;Evader;Animal Investigator; 
Mokhat;Mokhat;Planet Toulan;10;10;80; ; ; ; ; ; ;Running;Close;20; ; ;No;Yes;15;Evader;Animal Investigator;7
Molisk;Molisk;Planet Calypso; ;33;67; ; ; ; ; ; ;Running;Close;20; ;Low;No;Yes;160;Evader;Animal Investigator; 
Molisk (F.O.M.A);Molisk;F.O.M.A. - Fortuna; ; ; ; ; ; ; ; ; ; ; ; ; ; ;No;Yes;160;Evader;Animal Investigator; 
Moloch;Moloch;Ancient Greece;30;30;20; ; ; ;20; ; ; ; ; ; ; ;No;Yes;5400;Evader;Animal Investigator;50
Monura Female;Monura;Arkadia Moon; ;40;60; ; ; ; ; ; ;Running;Close; ; ; ;No;Yes;13;Evader;Animal Investigator;10
Monura Male;Monura;Arkadia Moon; ;50;50; ; ; ; ; ; ;Running;Close; ; ;Very Low;No;Yes;12;Evader;Animal Investigator;10
Morrison Dragon;Animal;ROCKtropia;53;47; ; ; ; ; ; ; ;Flying; ; ; ; ;No;No;2260;;Animal Investigator; 
Morsusilex;Animal;Planet Calypso; ; ;100; ; ; ; ; ; ;Hopping;Close; ; ;V. High;No;Yes;190;Evader;Animal Investigator;50
Motorhead;Motorhead Royalty;ROCKtropia;25;50;25; ; ; ; ; ; ;Running;Close; ; ; ;No;No;1000;Evader;Animal Investigator;50
Motorhead Mega-Mouth;Motorhead;ROCKtropia; ; ; ; ; ; ; ; ; ;Running;Close;28; ;Low;No;Yes;200;Evader;Animal Investigator; 
Mot√∂rhead Security;Motorhead;ROCKtropia;20;20;60; ; ; ; ; ; ;Running; ; ; ; ;No;Yes;450;Evader;Animal Investigator; 
Mountain Boar (Next Island);Boar;Next Island; ; ; ; ; ; ; ; ; ;Running;Close; ; ; ;No;Yes;300;Evader;Animal Investigator; 
Mountain Boar (Secret Island);Boar;Secret Island; ; ; ; ; ; ; ; ; ; ; ; ; ; ;No;Yes;10;Evader;Animal Investigator;50
Mountain Gorilla;Gorilla;Secret Island; ; ; ; ; ; ; ; ; ;Running; ; ; ;High;No;Yes;1110;Evader;Animal Investigator;50
Mourner;Mourner;Planet Calypso; ; ;100; ; ; ; ; ; ;Running;Close; ; ;High;No;Yes;120;Evader;Animal Investigator;50
MuckJaw;MuckJaw;Planet Cyrene;33;33;33; ; ; ; ; ; ;Swimming;Close; ; ; ;No;No;2450;Evader;Animal Investigator;50
Mugging Monkey;Papoo;Ancient Greece; ; ; ; ; ; ; ; ; ;Running; ; ; ; ;No;Yes;130;Evader;Animal Investigator;10
Mulaak'f;Mulaak'f;Planet Calypso; ; ;100; ; ; ; ; ; ;Running;Close; ; ; ;No;No;1330;Evader;Mutant Investigator; 
Mulholland Boy;Mulholland Boy;ROCKtropia; ; ; ; ; ; ; ; ; ;Running;Close; ; ;Low;No;Yes;50;Evader;Animal Investigator; 
Mulmun;Mulmun;Planet Calypso; ; ;100; ; ; ; ; ; ;Running;Close; ; ;High;No;No;510;Evader;Mutant Investigator; 
Muluk-Hir;Muluk-Hir;Planet Calypso; ; ;100; ; ; ; ; ; ;Running;Close;20; ;Low;No;No;970;Evader;Mutant Investigator; 
Mutant Boar;Boar;Next Island; ; ; ; ; ; ; ; ; ;Running;Close; ; ; ;No;No;60;Evader;Mutant Investigator; 
Mutated Beladoth;Beladoth;Planet Arkadia;40;40;20; ; ; ; ; ; ; ; ; ; ; ;No;Yes;1530;Evader;Animal Investigator; 
Mutated Bokol;Bokol;Planet Arkadia;38; ;38;24; ; ; ; ; ;Running;Close; ; ; ;No;Yes;490;Evader;Animal Investigator;50
Mutated Hadraada;Hadraada;Planet Arkadia;50; ;50; ; ; ; ; ; ; ; ; ; ; ;No;Yes;390;Evader;Animal Investigator;50
Mutated Halix;Halix;Planet Arkadia;33;33; ; ; ; ; ;33; ; ; ; ; ; ;No;Yes;200;Evader;Animal Investigator; 
Mutated Kamaldon;Animal;Planet Arkadia; ; ; ; ; ; ; ; ; ;Running;Close; ; ; ;No;Yes;2840;Evader;Animal Investigator; 
Mutated Kiana;Kiana;Planet Arkadia; ;60;20;20; ; ; ; ; ;Running;Close; ; ; ;No;Yes; ;Evader;Animal Investigator; 
Mutated Korwil;Korwil;Planet Arkadia;30;40; ; ; ; ;30; ; ; ; ; ; ; ;No;Yes;3700;Evader;Animal Investigator;50
Mutated Madana;Madana;Planet Arkadia;30;30; ; ; ; ; ;40; ; ; ; ; ; ;No;Yes;740;Evader;Animal Investigator;50
Mutated Nusul;Nusul;Planet Arkadia; ; ;100; ; ; ; ; ; ; ; ; ; ; ;No;Yes;460;Evader;Animal Investigator;50
Mutated Oro;Oro;Planet Arkadia;30;50;20; ; ; ; ; ; ;Running;Close; ; ; ;No;Yes;330;Evader;Animal Investigator; 
Mutated Ostelok;Ostelok;Planet Arkadia;50; ;50; ; ; ; ; ; ; ; ; ; ; ;No;Yes; ;Evader;Animal Investigator; 
Mutated Otorugi;Otorugi;Planet Arkadia;33;33;33; ; ; ; ; ; ; ; ; ; ; ;No;Yes;1340;Evader;Animal Investigator; 
Mutated Oweko;Oweko;Planet Arkadia;30;70; ; ; ; ; ; ; ; ; ; ; ; ;No;Yes; ;Evader;Animal Investigator; 
Mutated Riptor;Riptor;Planet Arkadia;33;33;33; ; ; ; ; ; ;Running;Close; ; ;V. High;No;Yes;1170;Evader;Animal Investigator;50
Mutated Yuka;Yuka;Planet Arkadia;33;33;33; ; ; ; ; ; ; ; ; ; ; ;No;Yes;3650;Evader;Animal Investigator; 
Mutated Zadul;Zadul;Planet Arkadia;33;33;33; ; ; ; ; ; ; ; ; ; ; ;No;Yes;450;Evader;Animal Investigator;50
Myrinian;Myrinian;Ancient Greece; ; ; ; ; ; ; ; ; ;Running;Close; ; ; ;No;Yes;990;Evader;Animal Investigator;50
Navi;Navi;Planet Arkadia; ; ;100; ; ; ; ; ; ;Floating; ; ; ; ;No;Yes;960;Evader;Animal Investigator;50
Neconu (Arkadia);Neconu;Planet Arkadia; ;50;50; ; ; ; ; ; ;Running;Close; ; ;V. High;No;Yes;900;Evader;Animal Investigator;50
Neconu (Calypso);Neconu;Planet Calypso; ;50;50; ; ; ; ; ; ;Running;Close; ; ;V. High;No;Yes;900;Evader;Animal Investigator;50
Neconu (F.O.MA.);Neconu;F.O.M.A. - Fortuna; ; ; ; ; ; ; ; ; ; ; ; ; ; ;No;Yes;900;Evader;Animal Investigator;50
Neconu (Rocktropia);Neconu;ROCKtropia; ;50;50; ; ; ; ; ; ;Running;Close; ; ;Verv High;No;Yes;900;Evader;Animal Investigator;50
Neomex;Neomex;Planet Calypso;36.25; ;27.5; ; ; ; ;36.25; ; ;Close; ; ; ;No;Yes;400;Evader;Animal Investigator;50
NEVERDIE Dragon;Dragon;ROCKtropia;25;25;25;25;0;0;0;0;0;Flying; ; ; ; ;No;No;3200;Evader;Animal Investigator;50
Nexnecis;Animal;Planet Calypso;70;30; ; ; ; ; ; ; ;Running;Close; ; ;Medium;No;Yes;450;Evader;Animal Investigator; 
Nimet;Nimet;Planet Cyrene; ; ; ; ; ; ; ; ;100;Running;Close, AOE; ; ; ;No;Yes;550;Evader;Animal Investigator;50
Northern Hitman;NWOMSP;ROCKtropia;50;50; ; ; ; ; ; ; ;Running;Close; ; ;Medium;No;Yes;500;Evader;Animal Investigator;50
Nusul;Nusul;Planet Arkadia; ; ;100; ; ; ; ; ; ;Running;Close; ; ;Low;Yes;Yes;20;Evader;Animal Investigator;10
Oculus;Oculus;Various; ; ; ; ; ; ; ; ;100;Floating;Ranged; ; ;High;No;Yes;900;Dodger;Animal Investigator; 
Oculus (Calypso);Oculus;Planet Calypso; ; ; ; ; ; ; ; ;100;Floating;Ranged; ; ;High;No;Yes;900;Dodger;Animal Investigator; 
Oculus (Rocktropia);Oculus;ROCKtropia; ; ; ; ; ; ; ; ;100;Floating;Ranged; ; ;High;No;Yes;900;Dodger;Animal Investigator; 
Old Wolf;Wolf;ROCKtropia; ; ; ; ; ; ; ; ; ;Running; ; ; ; ;No;Yes;450;Evader;Animal Investigator; 
Oompa;Oompa;Arkadia Moon;20;20;30;10; ;10;10; ; ;Running;Close; ; ; ;No;No;150;Evader;Mutant Investigator; 
Oratan;Oratan;Planet Arkadia; ; ; ;37; ;63; ; ; ;Running;Firearms;20;50;V.High;No;No;290;Dodger;Animal Investigator;10
Oratan Axe;Oratan;Planet Arkadia;43;31;26; ; ; ; ; ; ;Running;Close; ; ; ;No;No;12100;;; 
Oratan Lancer;Oratan;Planet Arkadia; ;33;34; ; ;33; ; ; ;Running;Close; ; ; ;No;No;1720;Evader;Animal Investigator; 
Oratan Miner;Oratan Miner;Planet Arkadia;50;24;26; ; ; ; ; ; ;Running;Close; ; ;Low;No;No;1580;Evader;Mutant Investigator; 
Oratan  Prospector;Oratan;Planet Arkadia;33; ;33;33; ; ; ; ; ;Running;Close; ; ; ;No;No;10;Evader;Mutant Investigator;10
Oratan Slasher;Oratan;Planet Arkadia; ;30;70; ; ; ; ; ; ;Running;Close; ; ;Low;No;No;300;Evader;Animal Investigator; 
Oro;Oro;Planet Arkadia;30;50;20; ; ; ; ; ; ;Running;Close; ; ; ;No;Yes;50;Evader;Animal Investigator;10
Osseocollum;Osseocollum;Various;50;50; ; ; ; ; ; ; ;Running;Close; ; ;Medium;No;Yes;3450;Evader;Animal Investigator; 
Osseocollum (Calypso);Osseocollum;Planet Calypso;50;50; ; ; ; ; ; ; ;Running;Close; ; ;Medium;No;Yes;3450;Evader;Animal Investigator;50
Osseocollum (Rocktropia);Osseocollum;ROCKtropia;50;50; ; ; ; ; ; ; ;Running;Close; ; ;Medium;No;Yes;3450;Evader;Animal Investigator;50
Ostelok;Ostelok;Planet Arkadia;50; ;50; ; ; ; ; ; ;Running;Close;20; ; ;No;Yes;20;Evader;Animal Investigator;10
Otorugi;Otorugi;Planet Arkadia;40;20;40; ; ; ; ; ; ;Running;Close; ; ;High;No;Yes;920;Evader;Animal Investigator;50
Oweko;Oweko;Planet Arkadia;30;70; ; ; ; ; ; ; ;Running;Close; ; ;High;No;Yes;500;Evader;Animal Investigator; 
P.A.R.A.;C.A.R.E.; ; ; ; ; ; ;0; ; ; ;Running; ; ; ; ;No;No; ;;; 
Pandi;Pandi;Planet Arkadia;31;31;38; ; ; ; ; ; ;Swimming; ; ; ; ;Yes;No;1600;Evader;Animal Investigator;50
Paneleon;Paneleon;Planet Cyrene; ;25;50; ; ;25; ; ; ;Running;Close; ; ; ;Yes;Yes;80;Evader;Animal Investigator;10
Panther;Big Cats;ROCKtropia; ; ; ; ; ; ; ; ; ;Running;Close; ; ;Medium;No;Yes;2000;Evader;Animal Investigator; 
Panther Puny;Pet Breeds;ROCKtropia; ; ; ; ; ; ; ; ; ;Running;Close; ; ;Medium;Yes;Yes;20;Evader;Animal Investigator; 
Pesky ROCKtropia Beach Crab;Crab;ROCKtropia; ; ; ; ; ; ; ; ; ;Running;Close; ; ;Low;No;Yes;650;Evader;Animal Investigator;25
Petit Brown Papoo;Papoo;Secret Island; ; ; ; ; ; ; ; ; ;Running;Close; ; ; ;No;Yes;10;Evader;Animal Investigator;50
Petit Grey Papoo;Papoo;Secret Island; ; ; ; ; ; ; ; ; ;Running;Close; ; ; ;No;Yes;40;Evader;Animal Investigator;50
Petit Red Papoo;Papoo;Secret Island; ; ; ; ; ; ; ; ; ;Running;Close; ; ; ;No;Yes;10;Evader;Animal Investigator;50
Petit Yellow Papoo;Papoo;Secret Island; ; ; ; ; ; ; ; ; ;Running;Close; ; ; ;No;Yes;10;Evader;Animal Investigator;50
Phasm;Phasm;Various; ;80;20; ; ; ; ; ; ;Running;Close; ; ;Medium;No;Yes;1870;Evader;Animal Investigator; 
Phasm (Calypso);Phasm;Planet Calypso; ;80;20; ; ; ; ; ; ;Running;Close; ; ;Medium;No;Yes;1870;Evader;Animal Investigator;50
Phasm (Rocktropia);Phasm;ROCKtropia; ;80;20; ; ; ; ; ; ;Running;Close; ; ;Medium;No;Yes;1870;Evader;Animal Investigator;50
Pirate Skeleton;Skeleton;Secret Island;33;33;33; ; ; ; ; ; ;Running;Close; ; ; ;No;Yes;230;Evader;Animal Investigator;50
Pissed Off Cop;Human (ROCKtropia);ROCKtropia; ; ; ; ; ; ; ; ; ;Running;Close; ; ; ;No;Yes;40;Evader;Animal Investigator; 
Pleak;Pleak;Planet Cyrene; ; ; ; ; ; ; ; ; ;Flying;Close; ; ;Low;No;Yes;10;Evader;Animal Investigator; 
Plumatergus;Plumatergus;Various; ; ;100; ; ; ; ; ; ;Running;Close;20; ;V. Low;No;Yes;40;Evader;Animal Investigator; 
Plumatergus (Calypso);Plumatergus;Planet Calypso; ; ;100; ; ; ; ; ; ;Running;Close;20; ;V. Low;No;Yes;40;Evader;Animal Investigator;10
Plumatergus (F.O.M.A);Plumatergus;F.O.M.A. - Fortuna; ; ; ; ; ; ; ; ; ; ; ; ; ; ;No;Yes;40;Evader;Animal Investigator; 
Plumatergus (Rocktropia);Plumatergus;ROCKtropia; ; ;100; ; ; ; ; ; ;Running;Close;20; ; ;No;Yes;40;Evader;Animal Investigator;10
Pop Dragon;Dragon;ROCKtropia;30;30;30;10; ; ; ; ; ;Running; ; ; ; ;No;Yes;2080;Evader;Animal Investigator;50
Portal Guardian;Portal Guardian;Next Island; ;25;75; ; ; ; ; ; ;Running; ; ; ; ;No;No;250;Evader;Robot Investigator;20
Possessed Maass;Mutant (Rocktropia);ROCKtropia; ; ; ; ; ; ; ; ; ;Running; ; ; ; ;No;No;220;Evader;Mutant Investigator;50
Possessed Staiger;Mutant (Rocktropia);ROCKtropia; ; ; ; ; ; ; ; ; ;Running; ; ; ; ;No;No;250;Evader;Mutant Investigator;50
Possessed Wolf;Wolf;ROCKtropia; ; ; ; ; ; ; ; ; ;Running; ; ; ; ;No;Yes;1650;Evader;Animal Investigator; 
Prancer;Prancer;Planet Calypso;100; ; ; ; ; ; ; ; ;Running;Close;20; ;Low;No;Yes;70;Evader;Animal Investigator;5
Prancer (F.O.M.A);Prancer;F.O.M.A. - Fortuna; ; ; ; ; ; ; ; ; ; ; ; ; ; ;No;Yes;70;Evader;Animal Investigator;5
Primordial Longu;Primordial Longu;Planet Calypso;29;29;29;13; ; ; ; ; ;Walking;Close; ; ;Low;No;Yes;620;Evader;Animal Investigator;50
Prison C.O;NWOMSP;ROCKtropia;33;33; ;33; ; ; ; ; ;Running;Close; ; ;Low;No;Yes;500;Evader;Animal Investigator;50
Prison S.O.R.T Officer;Human (ROCKtropia);ROCKtropia;33;33; ;33; ; ; ; ; ;Running;Close; ; ;High;No;Yes;2000;Evader;Animal Investigator; 
Proteron;Animal;Planet Calypso;25; ;25; ; ; ; ;50; ;Running;Close; ; ;Medium/High;No;Yes;2910;Evader;Animal Investigator; 
Proteron Divine;Animal;Planet Calypso; ; ; ; ; ; ; ; ; ; ;Close; ; ; ;No;No;5470;Evader;Animal Investigator; 
Protocore;Protocore;Planet Cyrene; ; ; ;50; ;50; ; ; ;Running;Close; ; ; ;No;No;1220;;; 
Name;Maturity Class;Found on;Stb;Cut;Imp;Pen;Shr;Brn;Cld;Acd;Elc;Movement;Combat;Attacks;Range;Aggression;Tamable;Sweatable;Min HP;Defensive;Scanning;Min Global
Prototype Defender;Defender;Planet Calypso; ; ; ; ; ; ; ; ; ;Running;Firearms; ; ; ;No;No;130;Dodger;Robot Investigator; 
Prototype Droka;Droka;Planet Calypso; ; ; ; ; ; ; ; ; ;Running;Firearms; ; ;Low;No;No;30;Dodger;Robot Investigator; 
Prototype Drone;Drone;Planet Calypso; ; ; ; ; ;100; ; ; ;Running;Close/Firearms; ; ;V. Low;No;No;30;Dodger;Robot Investigator; 
Pupugi;Pupugi;Planet Calypso;100; ; ; ; ; ; ; ; ;Flying;Close; ; ;V. High;No;Yes;40;Evader;Animal Investigator;5
Purple Snake;Snake;ROCKtropia; ; ; ; ; ; ; ; ; ; ; ; ; ; ;No;No;600;Evader;Animal Investigator;50
Pygmy Chomper;Chomper;Planet Calypso; ; ; ; ; ; ; ; ; ;Running;Close; ; ;V. Low;No;Yes;10;Evader;Animal Investigator; 
Qaffaz;Qaffaz;Planet Toulan;10;40;50; ; ; ; ; ; ;Running;Close; ; ;High;No;Yes;80;Evader;Animal Investigator;10
Qaydar;Instances - Toulan;Planet Toulan; ; ; ; ; ; ; ; ; ; ; ; ; ; ;No;No; ;;; 
Radiated Spider;Animal;ROCKtropia; ; ; ; ; ; ; ; ; ;Running;Close; ; ;High;No;Yes;10000;;; 
Rakta;Rakta;Planet Arkadia; ;40;40; ; ;20; ; ; ; ;Close; ; ; ;No;Yes;10;Evader;Animal Investigator; 
Razortooth;Animal;Planet Calypso; ; ;100; ; ; ; ; ; ;Swimming;Close; ; ; ;No;No;850;Evader;Animal Investigator; 
Red Papoo (Next Island);Papoo;Next Island;10;10;80; ; ; ; ; ; ;Running;Close; ; ; ;No;Yes;70;Evader;Animal Investigator; 
Red Papoo (Secret Island);Papoo;Secret Island; ; ; ; ; ; ; ; ; ;Running;Close; ; ; ;No;Yes;70;Evader;Animal Investigator;50
Renegade Hazard Mech;Renegade Hazard Mech;Planet Cyrene; ;5;45; ; ;50; ; ; ;Running;Close; ; ; ;No;No;250;Evader;Animal Investigator;50
Repesilex;Repesilex;Planet Calypso; ; ; ; ; ; ; ; ;100;Running;Close; ; ;V. Low;No;Yes;90;Evader;Animal Investigator;5
Rextelum;Rextelum;Planet Calypso;15;67;33;15; ; ; ;70; ;Running;Close; ; ;High;No;No;1580;Evader;; 
Rhino  Beetle;Rhino Beetle;Planet Cyrene;40;20;40; ; ; ; ; ; ;Running;Close; ; ; ;No;Yes;1000;Evader;Animal Investigator; 
Rhyncho Bird;Skull Bird;Planet Cyrene; ; ;50;50; ; ; ; ; ;Flying;Close; ; ; ;No;Yes;4800;Evader;Animal Investigator;50
RipperSnapper;Animal;Various;33;66; ; ; ; ; ; ; ;Swimming;Close;26; ;V. High;No;No;50;Evader;Animal Investigator;10
RipperSnapper (Calypso);RipperSnapper;Planet Calypso;33;66; ; ; ; ; ; ; ;Swimming;Close;26; ;V. High;No;No;50;Evader;Animal Investigator;10
RipperSnapper (Rocktropia);RipperSnapper;ROCKtropia;33;66; ; ; ; ; ; ; ;Swimming;Close;26; ;V. High;No;No;50;Evader;Animal Investigator;10
Riptor;Riptor;Planet Arkadia;33;33;34; ; ; ; ; ; ;Running;Close; ; ;High;No;Yes;960;Evader;Animal Investigator;50
ROCKER;Human (ROCKtropia);ROCKtropia; ; ; ; ; ; ; ; ; ;Running;Close; ; ;Medium;No;Yes;2500;Evader;Animal Investigator; 
ROCKtropia Beat  Cop;Human (ROCKtropia);ROCKtropia; ; ; ; ; ; ; ; ; ; ;Close; ; ;Low;No;Yes;50;Evader;Animal Investigator; 
ROCKtropian;Human (ROCKtropia);ROCKtropia; ; ; ; ; ; ; ; ; ;Running;Close; ; ;Low;No;Yes;5;Evader;Animal Investigator; 
ROCKtropia Police Captain;Human (ROCKtropia);ROCKtropia; ; ; ; ; ; ; ; ; ; ; ; ; ; ;No;No;6500;;; 
Root Kong;Gorilla;ROCKtropia; ; ; ; ; ; ; ; ; ; ; ; ; ; ;No;No; ;;; 
Rudolf Dragon;Dragon;ROCKtropia;50;50; ; ; ; ; ; ; ;Flying; ; ; ; ;No;Yes;1700;Evader;Animal Investigator;50
RX;RX (Robot);Planet Calypso; ; ;25;25;25; ; ; ;25;Running;Ranged; ; ; ;No;No;5000;Dodger;Robot Investigator; 
Sabakuma;Animal;Planet Calypso;100; ; ; ; ; ; ; ; ;Running;Close;20; ;Medium;No;Yes;10;Evader;Animal Investigator; 
Sabakuma (F.O.M.A);Animal;F.O.M.A. - Fortuna; ; ; ; ; ; ; ; ; ; ; ; ; ; ;No;No; ;;; 
Sabakuma Broodmother;Animal;Planet Calypso; ; ; ; ; ; ; ;100; ; ;Ranged; ; ;High;No;No;90;Dodger;Mutant Investigator;10
Sacred Wolf;Wolf;ROCKtropia; ; ; ; ; ; ; ; ; ;Running;Close; ; ; ;No;Yes;1610;Evader;Animal Investigator; 
Sal'diresh's Vault 1;Instances - Arkadia;Planet Arkadia; ; ; ; ; ; ; ; ; ; ; ; ; ; ;No;No; ;;; 
Sal'diresh's Vault 2;Instances - Arkadia;Planet Arkadia; ; ; ; ; ; ; ; ; ; ; ; ; ; ;No;No; ;;; 
Sal'diresh's Vault 3;Instances - Arkadia;Planet Arkadia; ; ; ; ; ; ; ; ; ; ; ; ; ; ;No;No; ;;; 
Sal'diresh's Vault 4;Instances - Arkadia;Planet Arkadia; ; ; ; ; ; ; ; ; ; ; ; ; ; ;No;No; ;;; 
Sal'diresh's Vault 5;Instances - Arkadia;Planet Arkadia; ; ; ; ; ; ; ; ; ; ; ; ; ; ;No;No; ;;; 
Sal'diresh's Vault 6;Instances - Arkadia;Planet Arkadia; ; ; ; ; ; ; ; ; ; ; ; ; ; ;No;No; ;;; 
Sal'diresh's Vault 7;Instances - Arkadia;Planet Arkadia; ; ; ; ; ; ; ; ; ; ; ; ; ; ;No;No; ;;; 
Sal'diresh's Vault 8;Instances - Arkadia;Planet Arkadia; ; ; ; ; ; ; ; ; ; ; ; ; ; ;No;No; ;;; 
Sal'diresh's Vault 9;Instances - Arkadia;Planet Arkadia; ; ; ; ; ; ; ; ; ; ; ; ; ; ;No;No; ;;; 
Sal'diresh's Vault 10;Instances - Arkadia;Planet Arkadia; ; ; ; ; ; ; ; ; ; ; ; ; ; ;No;No; ;;; 
Salvador Papoo;Papoo;Next Island; ; ; ; ; ; ; ; ; ;Running;Close; ; ; ;No;Yes;100;;Animal Investigator; 
Sand Boar;Boar;Next Island; ;50;50; ; ; ; ; ; ; ; ; ; ; ;No;No;2400;Evader;Animal Investigator;50
Satan's Legionaire;Skeleton;Hell; ; ; ; ; ; ; ; ; ;Running;Close; ; ; ;No;Yes;1800;Evader;Animal Investigator;50
Scaboreas;Scaboreas;Planet Calypso; ; ;66; ; ; ; ;33; ;Hopping;Close; ; ;V. High;No;Yes;590;Evader;Animal Investigator;50
Scavenger Wolf;Wolf;ROCKtropia; ; ; ; ; ; ; ; ; ;Running;Close; ; ; ;No;Yes;50;Evader;Animal Investigator; 
Scipulor;Scipulor;Planet Calypso;66;17;17; ; ; ; ; ; ;Running;Close, Fast; ; ;High;No;No;1660;Evader;Animal Investigator; 
Scooterboy;Human (ROCKtropia);ROCKtropia; ; ; ; ; ; ; ; ; ; ; ; ; ; ;No;Yes;80;Evader;Animal Investigator; 
Scoria;Scoria;Planet Arkadia;50; ;50; ; ; ; ; ; ;Running;Close; ; ; ;No;Yes;2210;Evader;Animal Investigator;50
Scout Bot;Scout Bot;Planet Cyrene; ; ; ; ; ; ; ; ;100;Flying;Ranged; ; ;Low;No;No;30;Dodger;Robot Investigator; 
Screecher Puny;Screecher;Next Island; ; ; ; ; ; ; ; ; ;Running; ; ; ; ;No;Yes;15;Evader;Animal Investigator; 
Sea Wraith;Sea Wraith;Planet Cyrene; ; ;20; ; ; ; ; ;80;Flying;Close; ; ; ;No;Yes;100;Evader;Animal Investigator;30
Second Entity;Second Entity;Planet Calypso; ;10; ; ; ;75; ; ;15;Running;Close; ; ;V. High;No;No;1810;Evader;Robot Investigator;50
Shamsdar;Instances - Toulan;Planet Toulan; ; ; ; ; ; ; ; ; ; ; ; ; ; ;No;No; ;;; 
Shark (Next Island);Shark;Next Island;33;33;33; ; ; ; ; ; ;Swimming;Close; ; ; ;No;No;1000;Evader;Animal Investigator;50
Shark (Secret Island);Shark;Secret Island; ; ; ; ; ; ; ; ; ; ; ; ; ; ;No;No;1000;Evader;Animal Investigator;50
Shinkiba;Shinkiba;Planet Calypso; ; ;100; ; ; ; ; ; ;Running;Close; ; ;Low;No;Yes;30;Evader;Animal Investigator;5
Shoggols;Shoggols;DSEC-9; ;50;50; ; ; ; ; ; ; ; ; ; ; ;No;Yes;7;Evader;Animal Investigator;50
Shoggoth;Shoggoth;Monria; ; ; ; ; ; ; ; ; ; ;Close; ; ;Low;No;Yes;10;Evader;Animal Investigator;5
Shub;Shubniggurath;Monria;20;20;20;20; ; ; ; ;20;Run; ; ; ; ;No;No;720;Evader;Mutant Investigator;35
Sicarius;Sicarius;Arkadia Moon;20;30;30;10; ;10; ; ; ;Running;Close; ; ; ;No;Yes;630;Evader;Animal Investigator;50
Sissy;NWOMSP;ROCKtropia;50;50; ; ; ; ; ; ; ;Running;Close; ; ;Low;No;Yes;300;Evader;Animal Investigator;50
Skreel;Skreel;Planet Cyrene; ; ; ; ; ; ; ; ;100;Swimming;Close; ; ;High;No;No;2000;Evader;Animal Investigator; 
Skull Bird;Skull Bird;Planet Cyrene; ; ;100; ; ; ; ; ; ;Flying;Close; ; ;Low;No;Yes;240;Evader;Animal Investigator;50
SkullGang Homeboy;Human (ROCKtropia);ROCKtropia; ; ; ; ; ; ; ; ; ;Running;Close; ; ;Medium;No;Yes;500;Evader;Animal Investigator; 
Skyflail;Skyflail;Space; ; ; ; ; ; ; ; ; ;Fly;Ranged; ; ; ;No;No;800;;;50
Skyshatter Drone;Skyshatter;Planet Cyrene; ; ; ; ; ; ; ; ; ;Floating;Ranged; ; ; ;No;No;750;Dodger;Robot Investigator; 
Skyshatter Robot (Large);Skyshatter;Planet Cyrene; ; ; ; ; ; ; ; ; ;Floating;Ranged; ; ;low;No;No;1500;Dodger;Robot Investigator; 
Sky Wraith;Sky Wraith;Planet Cyrene;50; ;50; ; ; ; ; ; ;Flying;Close; ; ; ;No;Yes;120;Evader;Animal Investigator;45
Smuggler;Smuggler;Arkadia Moon; ; ;30;30; ;40; ; ; ;Running; ; ; ; ;No;No;1400;Dodger;; 
Smuggler Badger;Badger;Arkadia Moon; ; ; ; ; ; ; ; ; ;Hovering;Close; ; ; ;No;No; ;;Animal Investigator;50
Smuggler Droid;Smuggler Droids;Arkadia Moon; ; ;28;35; ;37; ; ; ;Hovering; ; ; ; ;No;No;2500;Dodger;Robot Investigator;50
Smuggler Mech;Smuggler Mech;Arkadia Moon; ; ; ; ; ; ; ; ; ;Running;Ranged; ; ; ;No;No;50000;Dodger;Robot Investigator;50
Smuggler Mech Arctic;Smuggler Mech;Planet Arkadia; ; ; ; ; ; ; ; ; ;Running;Ranged; ; ; ;No;No; ;Dodger;Robot Investigator; 
Smuggler Ranger;Ranger;Planet Arkadia; ; ; ; ; ; ; ; ; ;Running;Ranged; ; ; ;No;No;630;Dodger;Animal Investigator; 
Snablesnot Female;Animal;Planet Calypso; ; ; ; ; ; ; ;100; ;Running;Close; ; ;Medium;No;Yes;40;Evader;Animal Investigator;5
Snablesnot Female (F.O.M.A);Animal;F.O.M.A. - Fortuna; ; ; ; ; ; ; ; ; ; ; ; ; ; ;No;Yes;40;Evader;Animal Investigator;5
Snablesnot Male;Animal;Planet Calypso; ; ; ; ; ; ; ;100; ;Running;Close;20; ;Medium;No;Yes;20;Evader;Animal Investigator;5
Snablesnot Male (F.O.M.A);Animal;F.O.M.A. - Fortuna; ; ; ; ; ; ; ; ; ; ; ; ; ; ;No;Yes;20;Evader;Animal Investigator; 
Snarg;Snarg;Planet Calypso; ; ;100; ; ; ; ; ; ;Jumping;Close; ; ;Medium;No;Yes;320;Evader;Animal Investigator;50
Snarksnot;Animal;Planet Calypso; ; ;100; ; ; ; ; ; ;Running;Close; ; ;High;No;Yes;70;Evader;Animal Investigator; 
Snarksnot (F.O.M.A);Animal;F.O.M.A. - Fortuna; ; ; ; ; ; ; ; ; ; ; ; ; ; ;No;Yes;70;Evader;Animal Investigator; 
Snow Drake (Next Island);Snow Drake;Next Island; ; ; ; ; ; ;100; ; ;Flying;Ranged; ; ; ;No;No;2100;Evader;Animal Investigator;50
Snow Drake (Secret Island);Snow Drake;Secret Island; ; ; ; ; ; ; ; ; ;Flying;Ranged; ; ; ;No;No;2100;;;50
Sonic Squid;Sonic Squid;Planet Calypso; ; ;66.67; ; ; ; ; ;33.33;Swimming; ; ; ;Low;No;No;660;Evader;Animal Investigator; 
Soulshaker;Soulshaker;ROCKtropia; ; ; ; ; ; ; ; ; ;Running;Close; ; ;Low;No;Yes;50;Evader;Animal Investigator; 
Space Pirate Skeleton;Skeleton;Secret Island; ; ; ; ; ; ; ; ; ;Running;Close; ; ; ;No;No;3000;Evader;Animal Investigator;50
Spider Bomber;Spider Bomber;Planet Calypso; ; ; ; ; ;0; ; ;100;Hopping;Firearms; ; ;Medium;No;No;200;Evader;Robot Investigator;50
Spina Broodmother;Animal;Planet Calypso; ; ; ; ; ; ; ; ; ;Running;Close; ; ; ;No;No;100000;;; 
Spina Drone;Spina Drone;Planet Calypso;40;0;0;20;0;0;0;40;0; ; ; ; ; ;No;Yes;3000;Dodger;Animal Investigator;50
Spina Soldier;Spina Soldier;Planet Calypso;33.3;33.3;33.4; ; ; ; ; ; ;Running; ; ; ; ;No;Yes;4000;;Animal Investigator;50
Spina Worker;Spina Worker;Planet Calypso;33;33;33;0;0;0;0;0;0;Running;Close; ; ; ;No;Yes;2000;Evader;Animal Investigator;50
Spy Kong;Instances - Rocktropia;Hell; ; ; ; ; ; ; ; ; ; ; ; ; ; ;No;No; ;;; 
Stalker;Stalker Bot;Planet Cyrene;33;33;33; ; ; ; ; ; ;Running;Close; ; ; ;No;No;700;Evader;Robot Investigator; 
Steampunk;Steampunk;ROCKtropia; ; ; ; ; ; ; ; ; ;Running;Close; ; ;Low;No;Yes;1000;Evader;Animal Investigator;50
Steel Bird;Steel Bird;Planet Calypso; ; ; ; ; ;63; ; ;37;Flying;Firearms;15; ;Low;No;No;1620;Dodger;Robot Investigator;50
Stereo Jacker;Stereo Jacker;ROCKtropia; ; ; ; ; ; ; ; ; ;Running;Close; ; ; ;No;Yes;50;Evader;Animal Investigator; 
Steropes;Cyclops;Ancient Greece; ; ;100; ; ; ; ; ; ;Running;Close; ; ;Medium;No;Yes;1800;Evader;Animal Investigator;50
Storm Drake (Next Island);Storm Drake;Next Island; ; ; ; ; ; ; ; ;100;Flying; ; ; ; ;No;No;3000;Evader;Animal Investigator;50
Storm Drake (Secret Island);Storm Drake;Secret Island; ; ; ; ; ; ; ; ;100;Flying; ; ; ; ;No;No;3000;Evader;Animal Investigator;50
Street King;Human (ROCKtropia);ROCKtropia; ; ; ; ; ; ; ; ; ;Running;Close; ; ;Medium;No;Yes;2500;Evader;Animal Investigator; 
Subway II - 2nd Street Subway;Instances - Rocktropia;ROCKtropia; ; ; ; ; ; ; ; ; ; ; ; ; ; ;No;No;2000;;;50
Subway III - Financial District Subway;Instances - Rocktropia;ROCKtropia; ; ; ; ; ; ; ; ; ; ; ; ; ; ;No;No; ;;; 
Subway I - Union Station Subway;Instances - Rocktropia;ROCKtropia; ; ; ; ; ; ; ; ; ; ; ; ; ; ;No;No; ;;; 
Subway IV - Lower West Side Subway;Instances - Rocktropia;ROCKtropia; ; ; ; ; ; ; ; ; ; ; ; ; ; ;No;No; ;;; 
Subway IX - Logan Street Subway;Instances - Rocktropia;ROCKtropia; ; ; ; ; ; ; ; ; ; ; ; ; ; ;No;No; ;;; 
Subway VII - Flesher Street Subway;Instances - Rocktropia;ROCKtropia; ; ; ; ; ; ; ; ; ; ; ; ; ; ;No;No; ;;; 
Subway VIII - Industrial Junction Subway;Instances - Rocktropia;ROCKtropia; ; ; ; ; ; ; ; ; ; ; ; ; ; ;No;No; ;;; 
Subway VI - Lower East Side Subway;Instances - Rocktropia;ROCKtropia; ; ; ; ; ; ; ; ; ; ; ; ; ; ;No;No; ;;; 
Subway V - Industrial Street Subway;Instances - Rocktropia;ROCKtropia; ; ; ; ; ; ; ; ; ; ; ; ; ; ;No;No; ;;; 
Subway X - South Street Subway;Instances - Rocktropia;ROCKtropia; ; ; ; ; ; ; ; ; ; ; ; ; ; ;No;No; ;;; 
Sumima;Animal;Various; ; ;72; ; ;15; ; ;13;Floating;Close; ; ;High;No;Yes;1450;Evader;Animal Investigator; 
Sumima (Calypso);Sumima;Planet Calypso; ; ;72; ; ;15; ; ;13;Floating;Close; ; ;High;No;Yes;1450;Evader;Animal Investigator;50
Sumima (Rocktropia);Sumima;ROCKtropia; ; ;72; ; ;15; ; ;13;Floating;Close; ; ;High;No;Yes;1450;Evader;Animal Investigator; 
Summon A.R.C. Faction;Summon (Cyrene);Planet Cyrene; ; ; ; ; ; ; ; ; ; ; ; ; ; ;No;No; ;;; 
Sunjoq;Sunjoq;Planet Toulan; ; ;75;25; ; ; ; ; ;Running;Close; ; ; ;No;Yes;100;Evader;Animal Investigator;10
Survival Acid Zombie;Mayhem;Global Instances; ; ; ; ; ; ; ; ; ; ; ; ; ; ;No;No; ;;; 
Survival Mindless One;Mayhem;Global Instances; ; ; ; ; ; ; ; ; ;Running;Close; ; ; ;No;No;840;Evader;Mutant Investigator;50
Survival Slow Zombie;Mayhem;Global Instances; ; ; ; ; ; ; ; ; ; ; ; ; ; ;No;No; ;;; 
Survival Zombie;Mayhem;Global Instances; ; ; ; ; ; ; ; ; ; ; ; ; ; ;No;No; ;;; 
Survival Zombie Dog;Mayhem;Global Instances; ; ; ; ; ; ; ; ; ;Running;Close; ; ; ;No;No;290;Evader;Animal Investigator;50
Swampland Allophyl;Allophyl;Planet Calypso; ; ; ; ; ; ; ; ; ;Running;Close; ; ;Low;No;Yes;40;Evader;Animal Investigator; 
Swamp Lurker;Swamp Lurker;Planet Cyrene; ; ;50; ; ; ; ;50; ;Running;Close; ; ;Low;No;No;150;Evader;Animal Investigator;10
Swat;Human (ROCKtropia);ROCKtropia; ; ; ; ; ; ; ; ; ; ; ; ; ; ;No;No;8000;;; 
Sweatbone;Skeleton;Next Island; ; ; ; ; ; ; ; ; ;Running; ; ; ; ;No;Yes;300;Evader;Animal Investigator; 
Sweatbot;Animal;Next Island; ; ; ; ; ; ; ; ; ;Running;Close; ; ; ;No;Yes;300;;; 
TabTab;TabTab;Planet Toulan; ;75; ;25; ; ; ; ; ;Running;Close; ; ; ;Yes;Yes;10;Evader;Animal Investigator;5
Tantardion;Tantardion;Planet Calypso; ; ; ; ; ; ; ; ;100;Running;Ranged; ; ;V. Low;No;Yes;560;Dodger;Animal Investigator;50
Tantillion;Animal;Planet Calypso; ; ;100; ; ; ; ; ; ;Running;Close; ; ;High;No;Yes;50;Evader;Animal Investigator;5
Tegunestene;Tegunestene;DSEC-9; ; ;0;0; ;0; ; ; ;Running;Close; ; ;High;No;No;20;Evader;Mutant Investigator;50
Teladon;Teladon;Planet Arkadia;20;40;40; ; ; ; ; ; ;Running;Close; ; ; ;No;Yes;1900;Evader;Animal Investigator; 
Tezlapod;Tezlapod;Planet Calypso; ; ; ; ; ; ; ; ;100;Jumping;Ranged; ; ;High;No;Yes;290;Dodger;Animal Investigator; 
Thammuz's Legionaire;Skeleton;Hell; ; ; ; ; ; ; ; ; ;Running;Close; ; ; ;No;Yes;3500;Evader;; 
Thawr;Thawr;Planet Toulan; ; ; ; ; ; ; ; ; ;Running;Close; ; ;High;No;Yes;500;Evader;Animal Investigator;50
The Beast;The Beast;The Hub; ; ; ; ; ; ; ; ; ;Running;Close; ; ; ;No;No;500;;; 
The Big Pumpkin;The Big Pumpkin;Planet Calypso; ;50;50; ; ; ; ; ; ;Walking;Close; ; ; ;No;No;1800;;Mutant Investigator;50
The Duke;The Duke;Planet Cyrene; ; ; ; ; ; ; ; ; ;Floating;Ranged; ; ; ;No;No;10000;Dodger;Robot Investigator; 
The Firewall I;Instances - Rocktropia;Hell; ; ; ; ; ; ; ; ; ; ; ; ; ; ;No;No; ;;; 
The Firewall II;Instances - Rocktropia;Hell; ; ; ; ; ; ; ; ; ; ; ; ; ; ;No;No; ;;; 
The Firewall III;Instances - Rocktropia;Hell; ; ; ; ; ; ; ; ; ; ; ; ; ; ;No;No; ;;; 
The Firewall IV;Instances - Rocktropia;Hell; ; ; ; ; ; ; ; ; ; ; ; ; ; ;No;No; ;;; 
The Firewall IX;Instances - Rocktropia;Hell; ; ; ; ; ; ; ; ; ; ; ; ; ; ;No;No; ;;; 
The Firewall V;Instances - Rocktropia;Hell; ; ; ; ; ; ; ; ; ; ; ; ; ; ;No;No; ;;; 
The Firewall VI;Instances - Rocktropia;Hell; ; ; ; ; ; ; ; ; ; ; ; ; ; ;No;No; ;;; 
The Firewall X;Instances - Rocktropia;Hell; ; ; ; ; ; ; ; ; ; ; ; ; ; ;No;No; ;;; 
The Proxy;Instances - Rocktropia;Hell; ; ; ; ; ; ; ; ; ; ; ; ; ; ;No;No; ;;; 
The Spare Tire Marina Basement;Instances - Rocktropia;ROCKtropia; ; ; ; ; ; ; ; ; ; ; ; ; ; ;no;no; ;;; 
The Vampire Tomb;Instances - Rocktropia;ROCKtropia; ; ; ; ; ; ; ; ; ; ; ; ; ; ;No;No;710;;;50
Thief;Human (ROCKtropia);ROCKtropia; ; ; ; ; ; ; ; ; ;Running;Close; ; ;Low;No;Yes;10;Evader;Animal Investigator;50
THING;THING;Hunt The THING; ;50;50; ; ; ; ; ; ;Running;Close; ; ;Medium;No;Yes;200;Evader;Mutant Investigator;50
Thorifoid Berserker;Thorifoid;Planet Calypso; ; ;100; ; ; ; ; ; ;Running;Close; ; ;V. High;No;No;420;Evader;Mutant Investigator;50
Thorifoid Shaman;Thorifoid;Planet Calypso; ; ; ; ; ; ;100; ; ;Running;Ranged; ; ;V. High;No;No;400;Dodger;Mutant Investigator;50
Thorifoid Waywatcher;Thorifoid;Planet Calypso; ; ; ; ; ; ; ; ; ;Running;Close; ; ; ;No;No;370;Evader;Mutant Investigator;50
Thorio Female;Thorio;Planet Calypso;25; ;75; ; ; ; ; ; ;Running;Close; ; ;Medium;No;No;200;Evader;Mutant Investigator; 
Thorio Male;Thorio;Planet Calypso; ;40;60; ; ; ; ; ; ;Running;Close; ; ;Medium;No;No;300;Evader;Mutant Investigator; 
Thug;Human (ROCKtropia);ROCKtropia; ; ; ; ; ; ; ; ; ;Running;Close; ; ;Medium;No;Yes;20;Evader;Animal Investigator; 
Tiarak;Tiarak;Planet Arkadia;20;31;49; ; ; ; ; ; ;Running;Close; ; ;Low;No;Yes;130;Evader;Animal Investigator;10
Tide Claw;Tide Claw;Planet Cyrene; ; ;67; ; ; ;33; ; ;Crawling;Close; ; ; ;No;Yes;210;Evader;Animal Investigator; 
Tiger;Big Cats;ROCKtropia;25;25;50; ; ; ; ; ; ;Running;Close;30; ;Low;No;No;2500;Evader;Animal Investigator;50
Togolossi;Togolossi;Planet Arkadia;35;37;28; ; ; ; ; ; ;Running;Close;32; ;Low;No;Yes;1400;Evader;Animal Investigator; 
Touch Sensitive Cyborg;Cyborg;ROCKtropia; ;25; ; ; ; ;75; ; ;Running;Close; ; ;High;No;Yes;50;Evader;Robot Investigator;25
Traeskeron;Animal;Planet Calypso;25; ;25; ; ; ; ;50; ;Running;Close; ; ; ;No;Yes;180;Evader;; 
Treasure Chest;Hell Key;ROCKtropia; ; ; ; ; ; ; ; ; ; ; ; ; ; ;No;No; ;;; 
Tree Dragon;Tree Dragon;Planet Cyrene;100; ; ; ; ; ; ; ; ;Running;Close; ; ; ;No;Yes;30;Evader;Animal Investigator;10
Trilomite;Trilomite;Planet Calypso; ; ; ; ; ; ; ; ;100;Running;Close; ; ;Low;No;Yes;190;Dodger;Animal Investigator; 
Trilomite (F.O.M.A);Trilomite;F.O.M.A. - Fortuna; ; ; ; ; ; ; ; ; ; ; ; ; ; ;No;Yes;190;Dodger;Animal Investigator; 
Tripudion;Tripudion;Planet Calypso; ; ;100; ; ; ; ; ; ;Jumping;Close;20; ;High;No;Yes;10;Evader;Animal Investigator; 
Tripudion (F.O.M.A);Tripudion;F.O.M.A. - Fortuna; ; ; ; ; ; ; ; ; ; ; ; ; ; ;No;Yes;150;Evader;Animal Investigator; 
Trojan Kong;Gorilla;ROCKtropia; ; ; ; ; ; ; ; ; ; ; ; ; ; ;No;No;450000;;; 
Trooper;Trooper;Planet Calypso; ; ; ;50; ;50; ; ; ;Walking;Firearms; ; ;High;No;No;410;Dodger;Robot Investigator;50
TskTsk;TskTsk;Planet Calypso; ; ;6;94; ; ; ; ; ;Flying;Ranged;22;15;V. High;No;Yes;730;Dodger;Animal Investigator; 
Turellia Lurker;Swamp Lurker;The Hub; ; ; ; ; ; ; ; ; ;Running;Close; ; ; ;No;No;160;;;5
Turp;Turp;Planet Calypso; ; ; ; ; ; ; ; ; ;Running;None; ; ;V. Low;No;Yes;10;Evader;Animal Investigator;5
Turrelion Crystal Pede;Crystal Pede;Planet Cyrene; ; ; ; ; ; ; ; ; ;Running;Close; ; ; ;No;Yes;150;Evader;Animal Investigator;10
Turrelion Vlanwing;Vlanwing;Planet Cyrene; ; ; ; ; ; ; ; ; ;Flying;Close; ; ; ;No;Yes;10;Evader;Animal Investigator; 
Turrelion Zeladoth;Zeladoth;Planet Cyrene; ; ; ; ; ; ; ; ; ;Running; ; ; ; ;No;Yes;100;Evader;Animal Investigator; 
Ubo;Ubo;Planet Arkadia; ; ; ; ; ;100; ; ; ;Running;Close; ; ; ;No;Yes;60;Evader;Animal Investigator; 
UFO;UFO;ROCKtropia; ; ; ; ; ; ; ; ;100;Flying; ; ; ; ;No;No;2750;Dodger;Robot Investigator; 
UK Fashion Shop;Instances - Rocktropia;ROCKtropia; ; ; ; ; ; ; ; ; ; ; ; ; ; ;No;No; ;;; 
Undersea Folken;Undersea Folken;Planet Cyrene; ; ; ; ; ; ; ; ; ;Swimming;Close; ; ; ;No;No;150;Evader;Animal Investigator; 
Vampire Chick;Vampire;ROCKtropia; ; ; ; ; ; ; ; ; ;Running;Close; ; ; ;No;Yes;200;Evader;Animal Investigator; 
Vanguard;Vanguard;Planet Calypso; ; ; ; ; ; ; ; ; ;Walking;Ranged; ; ;V. High;No;No;2000;Dodger;Robot Investigator; 
Venataur;Venataur;Planet Cyrene;33;33; ; ; ; ; ; ;33;Running;Close; ; ; ;No;No;1000;Evader;Animal Investigator; 
Victor Scorliona;Human (ROCKtropia);ROCKtropia; ; ; ; ; ; ; ; ; ; ; ; ; ; ;No;No; ;;; 
Village Boar (Next Island);Boar;Next Island; ; ; ; ; ; ; ; ; ;Running;Close;20; ; ;No;Yes;100;Evader;Animal Investigator;20
Village Boar (Secret Island);Boar;Secret Island; ; ; ; ; ; ; ; ; ;Running;Close; ; ; ;No;Yes;100;Evader;Animal Investigator;10
Virus Kong;Gorilla;Hell; ; ; ; ; ; ; ; ; ;Walking;Close; ; ; ;No;No;1110;Evader;Animal Investigator;50
Vlad the Unraveler;Duster Gang;Planet Cyrene; ; ; ; ; ; ; ; ; ;Running;Close; ; ; ;No;No;100;Evader;Mutant Investigator; 
Vlanwing;Vlanwing;Planet Cyrene;50;50; ; ; ; ; ; ; ;Flying;Close; ; ; ;No;Yes;1800;Evader;Animal Investigator;50
Vulcan Drake (Next Island);Vulcan Drake;Next Island; ; ; ; ; ;100; ; ; ;Flying;Ranged; ; ;High;No;Yes;2250;Evader;Animal Investigator; 
Vulcan Drake (Secret Island);Vulcan Drake;Secret Island; ; ; ; ; ;100; ; ; ;Flying;Ranged; ; ;High;No;No;2100;Evader;Animal Investigator;50
Wahesh;Wahesh;DSEC-9; ; ; ; ; ; ; ; ; ;Swimming;Close; ; ; ;No;No;250;Evader;Animal Investigator;5
WarHound;Oompa Warhound;Arkadia Moon;20;20;30;10; ;10;10; ; ;Running;Close; ; ; ;No;Yes;300;Evader;Mutant Investigator; 
Warlock;Warlock;Planet Calypso;33;33;33; ; ; ; ; ; ;Running;Close; ; ; ;No;No;4000;Evader;Robot Investigator;50
Warrior;Warrior;Planet Calypso; ;5;10;30; ;55; ; ; ;Running;Firearms; ; ;V. High;No;No;500;Dodger;Robot Investigator; 
Wasted ROCKstar Basement;Instances - Rocktropia;ROCKtropia; ; ; ; ; ; ; ; ; ; ; ; ; ; ;No;No; ;;; 
Water Temple;Instances - Rocktropia;Secret Island; ; ; ; ; ; ; ; ; ; ; ; ; ; ;No;No; ;;; 
Weak Waterproof Android Vixen;Cyborg;ROCKtropia; ; ; ; ; ; ; ; ; ;Swimming;Close; ; ; ;No;No;690;Evader;Animal Investigator;50
Werewolf;Werewolf;ROCKtropia;40;40;20; ; ; ; ; ; ;Running;Close; ; ; ;No;Yes;110;Evader;Animal Investigator;50
White Wolf;Wolf;ROCKtropia; ;100; ; ; ; ; ; ; ;Running;Close; ; ; ;No;Yes;850;Evader;Animal Investigator;50
Wild Boar (Next Island);Boar;Next Island; ; ; ; ; ; ; ; ; ;Running;Close; ; ; ;No;Yes;400;Evader;Animal Investigator;25
Wild Boar (Secret Island);Boar;Secret Island; ; ; ; ; ; ; ; ; ;Running;Close; ; ; ;No;Yes;400;Evader;Animal Investigator;25
Wiles;Wiles;Planet Cyrene; ; ;50;50; ; ; ; ; ;Swimming;Close; ; ; ;No;No;4500;;;50
Winklepicker;Human (ROCKtropia);ROCKtropia; ; ; ; ; ; ; ; ; ; ; ; ; ; ;No;No;50;Evader;Animal Investigator;50
Wino;Human (ROCKtropia);ROCKtropia; ; ; ; ; ; ; ; ; ; ; ; ; ; ;No;Yes;100;Evader;Animal Investigator;50
Wolf;Wolves (THING);Hunt The THING; ; ; ; ; ; ; ; ; ;Running;Close; ; ; ;No;Yes;4;Evader;Animal Investigator; 
Wombana;Wombana;Planet Arkadia;30; ;44; ; ; ; ;26; ;Running;Close; ; ;Low;No;Yes;440;Evader;Animal Investigator;40
Worm Kong;Animal;Hell; ; ; ; ; ; ; ; ; ; ; ; ; ; ;No;Yes;500;Evader;Animal Investigator;50
Yard Bird;Human (ROCKtropia);ROCKtropia; ; ; ; ; ; ; ; ; ; ; ; ; ; ;No;Yes;120;Evader;Animal Investigator;50
Yarrijak;Yarrijak;Planet Arkadia;33;33;33; ; ; ; ; ; ;Running;Close; ; ; ;No;Yes;10;Evader;Animal Investigator; 
Yellow Papoo (Next Island);Papoo;Next Island; ; ; ; ; ; ; ; ; ;Running;Close; ; ; ;No;Yes;10;Evader;Animal Investigator;50
Yellow Papoo (Secret Island);Papoo;Secret Island; ; ; ; ; ; ; ; ; ; ; ; ; ; ;No;Yes;10;Evader;Animal Investigator;50
Yog;Yog;Monria;30;30;22; ; ; ;18; ; ; ; ;15; ; ;Some;Yes;80;Evader;Animal Investigator;5
Yuka;Yuka;Planet Arkadia;33;33;33; ; ; ; ; ; ;Running;Close; ; ; ;No;Yes;3000;Evader;Animal Investigator;50
Yulebot;Mayhem;Planet Calypso; ; ;33;33; ; ;34; ; ;Running; ; ; ; ;No;No;3600;Dodger;Robot Investigator; 
Zadul;Zadul;Planet Arkadia;33;33;33; ; ; ; ; ; ;Running;Close;20; ;Low;No;Yes;90;Evader;Animal Investigator;10
Zeladoth;Zeladoth;Planet Cyrene; ;50;20; ; ;30; ; ; ;Running;Close; ; ;Low;No;Yes;300;Evader;Animal Investigator;20
Zeus;Zeus;Ancient Greece; ; ; ; ; ; ; ; ;100; ; ; ; ; ;No;Yes; ;Evader;Animal Investigator; 
Zokaraneus;Zokaraneus;DSEC-9; ; ;20; ; ;80; ; ; ; ; ; ; ; ;No;Yes;15;Evader;Animal Investigator; 
Zombie Biker Enforcer;Zombie;ROCKtropia; ; ; ; ; ; ; ; ; ;Running; ;25; ; ;No;No;110;Evader;Mutant Investigator;50
Zombie Biker Nomad;Zombie;ROCKtropia; ; ; ; ; ; ; ; ; ;Running; ; ; ; ;No;No;300;Evader;Mutant Investigator;50
Zombie Biker Outlaw;Zombie;ROCKtropia; ; ; ; ; ; ; ; ; ;Running; ; ; ; ;No;No;1010;Evader;Mutant Investigator;50
Zombie Biker Prospect;Zombie;ROCKtropia; ; ; ; ; ; ; ; ; ;Running;Close;20; ;V. Low;No;No;50;Evader;Mutant Investigator;50
Zombie Dog;Mayhem;Planet Calypso;30;30; ;40; ; ; ; ; ; ;Close; ; ; ;No;No;210;Evader;Animal Investigator; 
Zombie Kong;Gorilla;ROCKtropia; ; ; ; ; ; ; ; ; ;Running;Close; ; ; ;No;No;170000;Evader;Animal Investigator;50
Zombie Mutant;Mayhem;Planet Calypso; ;15;35;25; ; ; ; ;25;Running;Close; ; ; ;No;No;420;Evader;Mutant Investigator; 
Zombie Sentinel;Instances - Rocktropia;Hell; ; ; ; ; ; ; ; ; ; ; ; ; ; ;No;No; ;;; 
Zomhattan St Boyz;NWOMSP;ROCKtropia;50;50; ; ; ; ; ; ; ;Running;Close; ; ;Low;No;Yes;400;Evader;Animal Investigator;50
Zyn'Dos;Zyn'Dos;Planet Cyrene; ;50;50; ; ; ; ; ; ;Running;Close; ; ;High;No;No;550;Evader;Animal Investigator; 

